Category,,,,Payment Per Service,Payment Per Service,Payment Per Service,Total Medicare Payment,Total Medicare Payment,Total Medicare Payment,Total Medicare Payment,Total Medicare Payment,Total Medicare Payment,Total Medicare Payment,Total Medicare Payment,Total Medicare Payment,Total Medicare Payment,Total Medicare Payment,Total Medicare Payment,Total Medicare Payment,Total Medicare Payment,Total Medicare Payment,Total Medicare Payment,Total Medicare Payment,Total Number of Services,Total Number of Services,Total Number of Services,Total Number of Services,Total Number of Services,Total Number of Services,Total Number of Services,Total Number of Services,Total Number of Services,Total Number of Services,Total Number of Services,Total Number of Services,Total Number of Services,Total Number of Services,Total Number of Services,Total Number of Services,Total Number of Services
Stat,,,,ASC,HOPD,Overall,ASC,ASC,HOPD,HOPD,Annual,Annual,Annual,Annual,Annual,Overall,Overall,Overall,Overall,Overall,Overall,Overall,Overall,ASC,ASC,HOPD,HOPD,Annual,Annual,Annual,Annual,Annual,Overall,Overall,Overall,Overall,Overall,Overall,Overall,Overall
Year,,,,Mean,Mean,Mean,Mean,%,Mean,%,2015,2016,2017,2018,2019,Mean,Sum,Slope,SlopeSE,Intercept,InterceptSE,R,p,Mean,%,Mean,%,2015,2016,2017,2018,2019,Mean,Sum,Slope,SlopeSE,Intercept,InterceptSE,R,p
Specialty,Group,HCPCS Code,HCPCS Description,,,,,,,,,,,,,,,,,,,,,,,,,,,,,,,,,,,,,
Facial plastics,,11042,Removal of skin and tissue first 20 sq cm or less,105.74218370787582,44.070215660501525,91.97083324289714,756794.67492,0.8929999999999999,90679.76508,0.10699999999999998,509299.24,600263.11,1165644.85,1317431.9,644733.1,847474.4400000001,4237372.2,98803.65099999998,121250.53512188805,-198439489.62699997,244562389.45513687,0.42570684953496757,0.4748214766409027,7156.97982,0.7767,2057.620180000001,0.22330000000000008,5179.0,8266.0,14608.0,11483.0,6537.0,9214.6,46073.0,593.3000000000001,1354.865359854378,-1187471.5,2732764.102549232,0.24511119280203128,0.6910685087738688
Facial plastics,,15004,"Preparation of graft site of face, scalp, eyelids, mouth, neck, ears, eye region, genitals, hands, feet, and/or multiple fingers or toes (first 100 sq cm or 1% body area of infants and children)",100.15258809997803,217.58767820793622,143.55659740387938,255840.4753512,0.4398,325879.5686488,0.5602,492031.7,549173.13,607020.35,614663.7,645711.34,581720.044,2908600.2199999997,37284.984999999986,5836.310232738589,-74622094.70099998,11771840.632993234,0.9651559969308269,0.007766814604056904,2554.50688,0.6304,1497.6931200000001,0.36960000000000004,3634.0,3988.0,4310.0,4188.0,4141.0,4052.2,20261.0,121.4,64.40010351958553,-240811.6,129895.04072765824,0.7363653110218576,0.15590869241219818
Facial plastics,,15120,"Skin graft of face, scalp, eyelids, mouth, neck, ears, eye region, genitals, hands, feet, and/or multiple fingers or toes (first 100 sq cm or less, or 1% body area of infants and children)",963.7684683969272,400.75868867903625,731.3580313293819,267342.8966092,0.7738,78150.63739079998,0.22619999999999996,249466.87,333222.62,322363.94,447454.72,374959.52,345493.534,1727467.67,36521.740000000005,16158.203801961727,-73318856.04600002,32591105.079564147,0.793744556001703,0.10889982291929748,277.39328,0.5872,195.00671999999997,0.41279999999999994,392.0,498.0,466.0,538.0,468.0,472.4,2362.0,19.200000000000003,16.121207564364816,-38254.00000000001,32516.48364998897,0.5665911207555157,0.319304801861004
Facial plastics,,15260,"Relocation of patient skin to nose, ears, eyelids, and/or lips (20 sq centimeters or less)",550.3821124625076,606.3092603022402,556.5788404431499,3427951.7798189996,0.8793,470549.0501810001,0.12070000000000003,3816163.3,4358891.55,3827316.88,3987570.86,3502561.56,3898500.8299999996,19492504.15,-99852.41699999996,98116.01340779132,205300825.91899994,197900047.68803734,-0.5065925680929656,0.3837489408630894,6228.31248,0.8892,776.08752,0.11080000000000001,7255.0,7518.0,7164.0,6646.0,6439.0,7004.4,35022.0,-250.4,75.97885670807814,512061.2,153249.39164942878,-0.8851952346264137,0.04588280054097222
Facial plastics,,15730,Creation of flap graft to midface,1073.1929724553559,705.675257723335,936.6968932038833,111175.58008959999,0.7202,43192.0679104,0.27980000000000005,0.0,0.0,0.0,309666.39,462171.85,154367.648,771838.24,123401.00899999999,35623.56339120418,-248745467.50499997,71852745.02171427,0.8944233719695642,0.040521500966609225,103.59328000000002,0.6286,61.20672,0.37139999999999995,0.0,0.0,0.0,342.0,482.0,164.8,824.0,130.6,37.828208169741984,-263255.4,76299.5146330565,0.8938230711596693,0.04086378241351008
Facial plastics,,20926,Tissue graft,800.9759294302268,179.5281592277306,570.7916753472222,464757.760668,0.8835,61283.84733200003,0.11650000000000005,426939.03,450643.34,585782.18,610737.46,556106.03,526041.608,2630208.04,41842.812,17929.68059025744,-83870910.196,36164174.63982957,0.8030020451247228,0.10180232169175153,580.23936,0.6296,341.36064,0.3704,797.0,865.0,1009.0,954.0,983.0,921.6,4608.0,46.1,18.1980768214666,-92062.09999999999,36705.52997124547,0.8254917413406069,0.08518238752042728
Facial plastics,,30520,Reshaping of nasal cartilage,502.11556718771743,343.4088619450188,410.1926435111464,2123044.2377981995,0.5151,1998571.4442017996,0.4849,3822391.75,3510467.18,3887689.27,4454847.45,4932682.76,4121615.681999999,20608078.409999996,316496.229,97456.5896039937,-634251278.211,196569989.5488446,0.8823508853665517,0.04757736338692427,4228.1984,0.4208,5819.8016,0.5791999999999999,9409.0,9508.0,10270.0,10119.0,10934.0,10048.0,50240.0,366.1,81.43502522461284,-728375.7000000001,164254.48625236994,0.9331388613016729,0.02054425015774813
Facial plastics,,Total,Total,350.5527500930263,285.45633828601797,328.60323062927404,7406907.4052551985,0.7070889011501077,3068306.3807448,0.2929110988498923,9316291.89,9802660.93,10395817.469999999,11742372.48,11118926.16,10475213.785999998,52376068.92999999,554498.009,157808.68549261632,-1107947270.3669999,318300196.87790614,0.8969468376622737,0.03909273584987734,21129.2235,0.6628152173913043,10748.7765,0.33718478260869567,26666.0,30643.0,37827.0,34270.0,29984.0,31878.0,159390.0,1026.3,1447.4892411805115,-2038169.0999999999,2919586.5171056446,0.37884090155695294,0.5294448448725095
Facial plastics,A,14040,"Tissue transfer repair of wound (10 sq centimeters or less) of the forehead, cheeks, chin, mouth, neck, underarms, genitals, hands, and/or feet",539.6644007836085,386.6247135880171,513.9690373034688,3295972.038578,0.8737,476457.90142199985,0.12629999999999997,4175118.98,3907715.69,3725634.72,3471107.63,3582572.68,3772429.94,18862149.7,-162170.066,39370.08183804578,330869453.062,79409474.58646426,-0.9218205770693826,0.025930625017720848,6107.44758,0.8321,1232.3524200000004,0.16790000000000005,8379.0,7635.0,7356.0,6475.0,6854.0,7339.8,36699.0,-421.0,112.37034009618968,856496.8,226651.031685629,-0.9076938642599753,0.033195048477384685
Facial plastics,A,14041,"Tissue transfer repair of wound (10.1 to 30.0 sq centimeters) of the forehead, cheeks, chin, mouth, neck, underarms, genitals, hands, and/or feet",573.9168678866499,507.9031214743816,563.3942767085343,2020339.2792776,0.8563,339043.27272240014,0.14370000000000005,2481173.43,2174377.77,2237142.3,2455397.22,2448822.04,2359382.552,11796912.760000002,21631.666999999994,50511.19177923691,-41271689.786999986,101881098.86145043,0.2400250734436996,0.6973509441527157,3520.26468,0.8406,667.53532,0.1594,4486.0,3871.0,4066.0,4205.0,4311.0,4187.8,20939.0,-1.6,85.55099843563097,7415.0,172556.40625963442,-0.010797145571532512,0.986252914400022
Facial plastics,A,14060,"Tissue transfer repair of wound (10 sq centimeters or less) of eyelids, nose, ears, and/or lips",545.1504161603755,445.0467063385297,528.4731381040559,6084728.8173268,0.8597,993006.2266731998,0.14029999999999998,7253164.21,7562395.26,6718042.68,7190368.43,6664704.64,7077735.044,35388675.22,-154894.59700000007,106208.37168020778,319500137.1930001,214222338.3355773,-0.6440927977165881,0.24080939714031216,11161.559519999999,0.8333999999999999,2231.2404799999995,0.16659999999999997,13950.0,14043.0,13157.0,13033.0,12781.0,13392.8,66964.0,-334.8,75.6479565707715,688684.4,152581.96590842571,-0.9312263473581556,0.021425716048876317
Facial plastics,A,14301,Tissue transfer repair of wound (30.1 to 60.0 sq centimeters),967.2455391528582,535.0675976975914,829.3807758286281,3056472.8832792,0.7942,792019.7927207999,0.20579999999999998,3422400.08,3325471.33,3811793.74,4247217.1,4435581.13,3848492.676,19242463.38,294810.78699999995,55067.55198234584,-590784864.703,111071279.65009964,0.9514446722599507,0.012749717868465252,3159.9762,0.681,1480.2237999999998,0.31899999999999995,4204.0,4516.0,4544.0,4910.0,5027.0,4640.2,23201.0,204.0,26.58119636133785,-406827.8,53614.28623939707,0.975466200293575,0.0045959613476703005
Facial plastics,A,Total,Total,603.672943323108,463.4403944485379,577.0532469570983,14457513.0184616,0.8475483020781615,2600527.1935384,0.15245169792183863,17331856.700000003,16969960.049999997,16492613.44,17364090.38,17131680.49,17058040.211999997,85290201.05999999,-622.2090000007302,129296.3963108654,18313035.76500147,260790895.46232757,-0.0027783539014754888,0.9964624944945317,23949.24798,0.810174623654459,5611.352019999999,0.189825376345541,31019.0,30065.0,29123.0,28623.0,28973.0,29560.6,147803.0,-553.4,156.49234273066966,1145768.4000000001,315645.1328744357,-0.8980629468571166,0.0384660365219436
Facial plastics,,Total,Total,485.0302085645783,346.50299766002075,448.14260087306684,21864420.423716795,0.7941095674817444,5668833.574283199,0.20589043251825517,26648148.59,26772620.979999997,26888430.91,29106462.86,28250606.650000006,27533253.998000003,137666269.99,553875.8000000016,238017.36062108673,-1089634234.6020033,480081134.37834984,0.8021836083467196,0.10242394235734108,45078.47148,0.7337157988626043,16360.128520000002,0.26628420113739576,57685.0,60708.0,66950.0,62893.0,58957.0,61438.6,307193.0,472.90000000000003,1304.3017685080908,-892400.7000000001,2630777.3137350623,0.20488871135483788,0.740964470042578
Head & neck,,31541,Removal of growth of tongue and/or vocal cord stripping using an endoscope with operating microscope or telescope,762.6948681122992,203.62558337461843,250.86693793495243,90755.27417180002,0.2569,262515.54782820004,0.7431,428916.69,311467.78,318524.17,364008.38,343437.09,353270.82200000004,1766354.11,-11841.859999999999,15797.491831924332,24238302.441999998,31863548.857162863,-0.39718291970623937,0.5079211472894979,118.9929,0.0845,1289.2071,0.9155,1635.0,1317.0,1301.0,1439.0,1349.0,1408.2,7041.0,-45.0,42.99255749545495,92173.2,86716.00978343042,-0.5172044813769512,0.37214203530129697
Head & neck,,38510,"Biopsy or removal of lymph nodes of neck, open procedure",667.8538211621375,258.2466188629966,355.03680076628365,49427.30030700001,0.4445,61770.225693000015,0.5555,131596.26,124915.2,113084.72,74247.77,112143.68,111197.52600000003,555987.6300000001,-8957.259000000004,6249.531230119343,18177988.92900001,12605307.589579301,-0.6375274753525688,0.24722673832387945,74.00916,0.23629999999999998,239.19084,0.7637,325.0,331.0,339.0,222.0,349.0,313.2,1566.0,-6.1000000000000005,18.573009090254242,12616.900000000001,37461.76854327622,-0.18630145122636613,0.7641730279003679
Head & neck,,42415,Partial removal of salivary gland growth with release of facial nerve,1528.1974656954064,675.6067496806439,709.1988238916256,19556.5263522,0.0849,210791.2516478,0.9151,196315.23,287774.38,301095.61,183520.11,183033.56,230347.778,1151738.89,-13081.761000000006,20150.62090027457,26616259.71500001,40643812.3462447,-0.35097169575186815,0.5624807589038077,12.79712,0.0394,312.00288,0.9606,273.0,406.0,396.0,296.0,253.0,324.8,1624.0,-15.0,24.549813305467993,30579.8,49516.985608576775,-0.33267029629846695,0.584378834537845
Head & neck,,42826,Removal of tonsils patient age 12 or over,,,570.9250000000001,,,,,0.0,0.0,6851.1,0.0,0.0,1370.22,6851.1,-4.5474735088646414e-14,1118.7799451187886,1370.2200000000917,2256579.7039797613,-2.3467394691249373e-17,1.0,,,,,0.0,0.0,12.0,0.0,0.0,2.4,12.0,-8.881784197001253e-17,1.9595917942265426,2.400000000000179,3952.4976204926425,-2.6168207644729584e-17,1.0
Head & neck,,60500,Removal or exploration of parathyroid glands,1582.1966821193869,714.1085710294748,791.5420305386949,297619.0436022,0.1783,1371584.7903978,0.8217,1466292.92,1408770.07,1410847.34,1862490.74,2197618.1,1669203.834,8346019.17,191637.10300000003,64570.46139026227,-384862832.91700006,130238652.63727425,0.8636788268554862,0.05916881279012047,188.10496,0.0892,1920.6950400000003,0.9108,1960.0,1870.0,1798.0,2272.0,2644.0,2108.8,10544.0,177.0,76.49549006314034,-354900.2,154291.4413827287,0.8005552687525032,0.10366410646301338
Head & neck,,Total,Total,1161.0899657799991,506.9431587332102,568.9590080338673,457358.1444332,0.19335420781750268,1906661.8155668,0.8060665135452623,2223121.0999999996,2132927.43,2150402.94,2484267.0,2836232.43,2365390.1799999997,11826950.899999999,157756.22300000011,59847.80652915748,-315828911.61100024,120713055.44100086,0.8357271993168485,0.07792567206606638,393.90414,0.09474771251262809,3761.0958600000004,0.9046750036080244,4193.0,3924.0,3846.0,4229.0,4595.0,4157.4,20787.0,110.9,86.86101925873693,-219527.90000000002,175198.7189093288,0.5933509131465091,0.29155067173899063
Head & neck,G,11642,"Removal of malignant growth (1.1 to 2.0 centimeters) of the face, ears, eyelids, nose, or lips",80.24473431942025,85.96711831999657,81.43842362194047,187329.0629476,0.7798,52897.99905239999,0.22019999999999995,289427.1,245483.24,238474.17,213254.24,214496.56,240227.062,1201135.31,-18209.007999999998,4184.319590677554,36967796.19799999,8439774.688922692,-0.9291113637966288,0.022414348566015877,2334.47172,0.7914,615.3282800000001,0.2086,3552.0,3055.0,2923.0,2585.0,2634.0,2949.8,14749.0,-230.60000000000002,50.158149886135114,468070.00000000006,101169.01318803096,-0.9357924700565041,0.01934128225424739
Head & neck,G,11643,"Removal of malignant growth (2.1 to 3.0 centimeters) of the face, ears, eyelids, nose, or lips",87.30601099121778,128.37328609433786,91.95071980538066,108218.54552459999,0.8421,20291.780475400006,0.15790000000000004,139924.42,140722.56,128258.93,129997.44,103648.28,128510.326,642551.63,-8327.740000000003,2622.3634717529135,16925561.906000007,5289308.422656092,-0.8779105013366187,0.05026129621217069,1239.53144,0.8869,158.06855999999996,0.11309999999999998,1487.0,1479.0,1414.0,1426.0,1182.0,1397.6,6988.0,-66.3,24.64433673957028,135124.7,49707.63942202447,-0.8408101544761016,0.0743969076057576
Head & neck,G,Total,Total,82.69371772805034,94.6341848614225,84.81791139531674,295547.6084722,0.8015124532807072,73189.7795278,0.1984875467192928,429351.52,386205.8,366733.1,343251.68,318144.83999999997,368737.388,1843686.94,-26536.74800000001,2238.8454430847514,53893358.10400002,4515752.368689632,-0.9894911332131083,0.0012911654948376313,3574.00316,0.8221012927266873,773.39684,0.1778987072733128,5039.0,4534.0,4337.0,4011.0,3816.0,4347.4,21737.0,-296.90000000000003,30.162393804205664,603194.7000000001,60837.56325716814,-0.9848693430372749,0.0022291146303214243
Head & neck,K,60220,Total removal of thyroid lobe on one side of the neck,1537.0776728598717,450.7040882756771,641.3626523702033,95601.9274344,0.4206,131696.9965656,0.5794,168535.09,208492.4,242281.69,258011.07,259174.37,227298.92400000003,1136494.62,23079.723,4704.255663438621,-46324502.367,9488486.005458666,0.9429617965720068,0.01621181426470545,62.197199999999995,0.1755,292.20279999999997,0.8245,293.0,323.0,394.0,386.0,376.0,354.4,1772.0,22.900000000000002,9.210682204194574,-45834.9,18577.95057238553,0.8205197797000148,0.08877828397507988
Head & neck,K,60240,Removal of thyroid,1550.8116488782825,618.378659793574,717.216556636553,94620.60161999999,0.2292,318209.24838,0.7708,559710.52,564614.42,289389.15,325602.27,324832.89,412829.85,2064149.25,-70876.74100000001,28848.503635550438,143371216.44700003,58187446.13558252,-0.8173130644568907,0.09112151282132575,61.013600000000004,0.106,514.5864,0.894,746.0,793.0,423.0,457.0,459.0,575.6,2878.0,-91.0,38.48688088167187,184122.6,77628.05781957964,-0.8067096925041768,0.09900072544461674
Head & neck,K,Total,Total,1543.8786945170389,557.650306852893,688.3105096774193,190222.5290544,0.29716290968416925,449906.24494560005,0.7028370903158309,728245.61,773106.8200000001,531670.8400000001,583613.3400000001,584007.26,640128.774,3200643.87,-47797.018,26273.51662106075,97046714.08,52993696.050714925,-0.7242431361694953,0.16645199710323352,123.2108,0.13248473118279572,806.7891999999999,0.8675152688172042,1039.0,1116.0,817.0,843.0,835.0,930.0,4650.0,-68.10000000000001,31.33895339669146,138287.7,63210.68453853348,-0.7819841487272998,0.11812106002078937
Head & neck,,Total,Total,230.5306908543657,454.9016295208459,357.6394138720482,943128.2819598,0.27950700431988695,2429757.8400402004,0.7200869150919419,3380718.23,3292240.0500000003,3048806.88,3411132.0200000005,3738384.5300000003,3374256.342,16871281.71,83422.45700000008,76820.54197305083,-164888839.42700016,154947071.24617428,0.53119708324801,0.35697031557679615,4091.1181,0.43362001314283294,5341.281900000001,0.5661256094458813,10271.0,9574.0,9000.0,9083.0,9246.0,9434.8,47174.0,-254.10000000000002,118.51845144674027,521954.50000000006,239051.7753278356,-0.7778732933720244,0.12139690476598587
Laryngology,,31571,Injection of vocal cords using an endoscope with operating microscope or telescope,841.6636590237966,149.60215897453602,186.76586152718133,86299.798112,0.242,270310.93788800004,0.758,337017.46,394075.85,319825.53,402641.13,329493.71,356610.73600000003,1783053.6800000002,-648.2219999999973,14131.066207915423,1664074.5099999944,28502367.5473468,-0.026474998885451514,0.9662949228048202,102.53478,0.0537,1806.8652200000001,0.9463,1894.0,2112.0,1695.0,1987.0,1859.0,1909.4,9547.0,-19.5,55.38071264739497,41240.9,111702.92486676434,-0.19921495552859506,0.7480395127437951
Laryngology,,31622,Diagnostic examination of lung airways using an endoscope,375.9782813675304,65.61281160407707,97.23905297297297,70877.545712,0.3940000000000001,109014.70228799999,0.606,185955.57,191174.4,178972.39,174191.34,169167.54,179892.248,899461.24,-5055.912,1375.9144639019746,10377666.752,2775220.1558490805,-0.9045496291581585,0.03488851790831993,188.51500000000001,0.1019,1661.4850000000001,0.8981000000000001,2037.0,1907.0,1836.0,1720.0,1750.0,1850.0,9250.0,-76.10000000000001,15.707641452490558,155343.7,31682.320597298403,-0.9416326653375937,0.016778355611182162
Laryngology,,Total,Total,540.0359478849289,109.36774434964644,142.7097366601053,157177.343824,0.2929663925671661,379325.640176,0.707033607432834,522973.03,585250.25,498797.92000000004,576832.47,498661.25,536502.9839999999,2682514.92,-5704.134000000009,14960.080520296176,12041741.262000017,30174489.826432273,-0.2149904001380999,0.7283892938369301,291.04978,0.07741921051231579,3468.3502200000003,0.9225807894876843,3931.0,4019.0,3531.0,3707.0,3609.0,3759.4,18797.0,-95.60000000000001,52.59201460297942,196584.6,106078.11952858139,-0.723969906514188,0.1666919305051469
Laryngology,B,31535,Biopsy of voice box using an endoscope,828.7729963047583,130.03251030803716,199.62706271331058,77394.93310899999,0.4134999999999999,109775.40089100001,0.5865,181200.03,232824.57,168478.11,175099.42,178249.54,187170.334,935851.67,-6362.612999999998,8736.53653948068,13020560.754999995,17621598.531582933,-0.38760117681839484,0.5191424893752931,93.38495999999999,0.0996,844.21504,0.9004,963.0,1039.0,881.0,925.0,880.0,937.6,4688.0,-28.0,18.043650776196415,57413.6,36394.052561373275,-0.6672873358369038,0.2185132314706288
Laryngology,B,31536,Biopsy of voice box using an endoscope with operating microscope or telescope,814.0040246505363,151.18732922641234,230.5927693382224,111696.75313819999,0.4229,152424.20486179998,0.5771,286775.12,252209.73,235033.38,268100.83,278485.73,264120.958,1320604.79,-68.76800000000222,7579.169628366156,402826.01400000445,15287188.898058908,-0.0052383942451570105,0.9933302998000411,137.21892000000003,0.11980000000000002,1008.1810800000001,0.8802,1235.0,1093.0,1071.0,1138.0,1190.0,1145.4,5727.0,-4.5,24.59722206537424,10221.9,49612.60910081227,-0.10504046004058418,0.8665046808704349
Laryngology,B,Total,Total,819.9848426106273,141.54618600302402,216.65448487758042,189091.68624719998,0.4190014068501015,262199.6057528,0.5809985931498984,467975.15,485034.30000000005,403511.49,443200.25,456735.27,451291.292,2256456.46,-6431.381000000006,10616.53808490959,13423386.76900001,21413562.58079104,-0.3301421954613624,0.5874158067464701,230.60388,0.11070757561209794,1852.39612,0.8892924243879021,2198.0,2132.0,1952.0,2063.0,2070.0,2083.0,10415.0,-32.5,27.564167561044417,67635.5,55596.93963654834,-0.5627252184000927,0.32336722681941815
Laryngology,D,43191,Diagnostic examination of esophagus using an endoscope,274.360087364658,66.21312392778832,87.65226116178589,23545.4729536,0.3224,49486.3910464,0.6776,54382.61,67967.41,68026.51,81217.55,93565.24,73031.864,365159.32,9161.54,1262.0587845780683,-18405794.316000003,2545573.194204737,0.9726953196422033,0.005393898026725565,85.8196,0.10299999999999998,747.3804,0.8969999999999999,777.0,909.0,770.0,823.0,887.0,833.2,4166.0,13.4,21.68040590025934,-26194.6,43729.3894496596,0.33608562956496746,0.5802806055972068
Laryngology,D,43200,Diagnostic examination of esophagus using an endoscope,192.46307309178897,42.08626510835559,62.10141825095057,26948.91045,0.4125,38381.78155,0.5875,78306.83,75608.99,63212.1,63046.87,46478.67,65330.692,326653.46,-7621.844000000001,1392.8569685735865,15438590.040000001,2809393.1961715743,-0.9533812739976907,0.01199814221779527,140.0212,0.1331,911.9788,0.8669,1430.0,1192.0,1037.0,897.0,704.0,1052.0,5260.0,-174.70000000000002,9.375677753279167,353421.9,18910.746676691597,-0.9957075279652302,0.0003373768213501421
Laryngology,D,Total,Total,223.58397332811433,52.95307525724388,73.39409929980904,50494.383403600004,0.3649425456089435,87868.17259639999,0.6350574543910564,132689.44,143576.40000000002,131238.61,144264.42,140043.91,138362.556,691812.78,1539.6959999999992,2033.6447841282459,-2967204.2759999987,4101862.5378387957,0.40052546369180236,0.5040184658805161,225.8408,0.1197967324421812,1659.3591999999999,0.8802032675578187,2207.0,2101.0,1807.0,1720.0,1591.0,1885.2,9426.0,-161.3,18.1731486906736,327227.30000000005,36655.249919076974,-0.9814864215537521,0.003015502393300805
Laryngology,E,31525,Diagnostic examination of voice box using an endoscope,421.70165820015217,126.02491335655262,132.50023406862744,60287.81850159999,0.0697,804673.7094984,0.9303,548628.32,783501.65,700741.37,1022976.64,1268959.66,864961.5279999999,4324807.64,168013.767,36316.97388524644,-338018806.511,73251354.33198056,0.936516549509581,0.019017143588124303,142.9632,0.0219,6385.0368,0.9781,4231.0,5918.0,5299.0,7722.0,9470.0,6528.0,32640.0,1228.2,268.0172631255929,-2470751.4,540590.9526034632,0.9354134521920552,0.019511659157183572
Laryngology,E,31526,Diagnostic examination of voice box using an endoscope with operating microscope or telescope,439.73898115824755,92.66267230153638,96.93171090047392,2282.5091555999998,0.0558,38622.6728444,0.9442,49005.12,34247.57,47429.81,44119.52,29723.89,40905.18199999999,204525.90999999997,-2869.0510000000013,2617.5197346996893,5827781.049000002,5279538.602618283,-0.5347490283970439,0.35314370600861766,5.1906,0.0123,416.8094,0.9876999999999999,507.0,369.0,480.0,427.0,327.0,422.0,2110.0,-30.200000000000003,21.077317982450555,61335.40000000001,42512.96082043688,-0.6374088896921573,0.24734307102005545
Laryngology,E,31575,Diagnostic examination of voice box using flexible endoscope,53.9581761766838,53.9581761766838,53.9581761766838,4315.6817678,0.0013,3315439.5242322003,0.9987,4095655.56,3367114.38,2963951.91,3007322.23,3164731.95,3319755.2060000002,16598776.030000001,-222163.93699999998,109382.91479986106,451424416.135,220625393.38181126,-0.760894832058194,0.13520496984053526,79.98198,0.0013,61444.61802,0.9987,69604.0,58104.0,58140.0,59663.0,62112.0,61524.6,307623.0,-1342.5,1572.898139316932,2769347.1,3172536.3268227503,-0.4420250006475327,0.4561022597508783
Laryngology,E,31579,Examination to assess movement of vocal cord flaps using an endoscope,49.56697483019056,99.18356625180273,99.1339496603811,599.8496160000001,0.0005,1199099.382384,0.9995,1329457.32,1080066.04,957141.66,1213382.4,1418448.74,1199699.232,5998496.16,31129.919999999973,65404.20346041837,-61589349.40799995,131920310.80613655,0.26497434318195523,0.6666147843055021,12.101799999999999,0.001,12089.698199999999,0.999,11995.0,9957.0,10470.0,13064.0,15023.0,12101.8,60509.0,916.3000000000001,527.1788406224211,-1836075.3,1063319.9829031853,0.7083423665075976,0.18057866923434673
Laryngology,E,Total,Total,280.9129988780273,66.69269638432651,67.33139167299606,67485.85904099999,0.012439053320535338,5357835.288959,0.9875609466794647,6022746.32,5264929.64,4669264.75,5287800.789999999,5881864.24,5425321.148,27126605.740000002,-25889.301000000072,197897.65314333243,57644041.26500015,399159664.5049398,-0.07531540201863268,0.9041961879792613,240.23757999999998,0.00298148812803749,80336.16242,0.9970185118719626,86337.0,74348.0,74389.0,80876.0,86932.0,80576.4,402882.0,771.8000000000001,2196.8770015638106,-1476144.2000000002,4431102.001334539,0.1987849912569554,0.7485760110261679
Laryngology,,Total,Total,470.01540267520335,69.7147146769121,74.19231269251675,464249.2725158,0.07086176187007501,6087228.7074842015,0.9291382381299254,7146383.94,6478790.59,5702812.77,6452097.93,6977304.67,6551477.9799999995,32757389.9,-36485.12000000011,204721.13724227351,80141965.02000023,412922635.3154902,-0.1023541720539859,0.8699065288077967,987.73204,0.011185586609893097,87316.26796,0.9888144133901069,94673.0,82600.0,81679.0,88366.0,94202.0,88304.0,441520.0,482.40000000000003,2231.9912813449787,-884696.8,4501927.5210623145,0.12382236505622067,0.8427482617591713
Otology,,21235,Obtaining ear cartilage for grafting,909.9489106072781,224.97516355277614,440.1939148773006,298257.084654,0.6495,160953.207346,0.35050000000000003,268245.9,348416.66,542354.62,589131.2,547903.08,459210.292,2296051.46,80002.89,23378.648433623548,-160906618.838,47154745.48141967,0.8922236023051215,0.04178022926871068,327.77344,0.3142,715.42656,0.6858,979.0,1155.0,1076.0,1009.0,997.0,1043.2,5216.0,-11.0,25.684495971954238,23230.2,51805.64110943904,-0.24003510720585444,0.6973385422525447
Otology,,69631,Repair of eardrum and ear canal with opening to ear bones,1635.2454718958654,610.864778369256,935.9007724252492,124942.30388640001,0.5544,100422.6021136,0.4456,205385.67,220079.14,249926.63,192457.49,258975.6,225364.90600000002,1126824.53,7955.820999999996,9327.402961741122,-15821526.050999993,18813376.398225404,0.4417880070506215,0.4563729475995944,76.40584000000001,0.3173,164.39416,0.6827,216.0,234.0,290.0,190.0,274.0,240.8,1204.0,7.2,14.429599209033261,-14281.6,29104.508758609893,0.2768248133643893,0.6520905905687436
Otology,,69801,"Incision of fluid canals of inner ear with infusion of drugs, transcanal approach",84.2343676109962,91.01417326296902,88.7978547953391,36865.4843368,0.3101,82017.0836632,0.6899,149143.78,125889.28,101842.11,117694.22,99843.45,118882.568,594412.84,-10679.572,3994.078023627981,21659579.292,8056057.353864645,-0.8392963880949256,0.07544252157108926,437.65372,0.3269,901.14628,0.6731,1628.0,1419.0,1184.0,1357.0,1106.0,1338.8,6694.0,-110.60000000000001,39.25778054517769,224419.0,79182.96282307194,-0.8518819406403036,0.06688883163021238
Otology,,69930,Implantation of cochlear device,23062.155605987664,947.2185692484088,3026.022650701899,4725463.3582536,0.7164,1870660.8157463996,0.28359999999999996,4164557.97,4694007.58,6277113.34,8438188.15,9406753.83,6596124.174,32980620.869999997,1422857.2290000003,150548.05074599083,-2863306906.719001,303655492.9942432,0.983618851805812,0.0025106163169677943,204.90120000000002,0.094,1974.8988000000002,0.906,1626.0,1818.0,2191.0,2587.0,2677.0,2179.8,10899.0,287.1,29.706733243492142,-576900.9,59918.495680298955,0.9843171961271626,0.002352042360422789
Otology,,Total,Total,4954.006691604039,589.492230757872,1540.7450006246615,5185528.2311308,0.7007866489185469,2214053.7088691997,0.2992133510814531,4787333.32,5388392.66,7171236.7,9337471.06,10313475.96,7399581.94,36997909.7,1500136.3680000002,148657.11066671723,-3018375472.3160005,299841465.91684717,0.9855877216783165,0.0020724865060386985,1046.7342,0.21795156790072046,3755.8658000000005,0.7820484320992795,4449.0,4626.0,4741.0,5143.0,5054.0,4802.6,24013.0,172.70000000000002,36.8945795476788,-343533.30000000005,74416.38523947529,0.9378542670661018,0.018423004365441253
Otology,F,69433,Incision of eardrum with insertion of eardrum tube under local or topical anesthesia,100.51354737986446,108.92464880252284,108.00279208659947,11805.050783999997,0.102,103930.741216,0.898,137111.76,95794.52,105930.47,119417.25,120424.96,115735.79199999999,578678.96,-975.087000000001,5706.032361752459,2082486.271000002,11509070.102624299,-0.09818496534471349,0.8751881710591881,117.44735999999999,0.1096,954.1526399999999,0.8904,1272.0,885.0,987.0,1101.0,1113.0,1071.6,5358.0,-10.200000000000001,52.812498520710044,21645.0,106522.83569995685,-0.11082034593702504,0.8591885010058393
Otology,F,69436,Incision of eardrum with insertion of eardrum tube under general anesthesia,406.98139901869575,139.05394208042384,287.8876444096339,923664.9597280002,0.7853,252528.80027200005,0.2147,1291093.18,1541750.79,989017.79,1045676.06,1013430.98,1176193.7600000002,5880968.800000001,-105139.913,61873.86151258083,213243398.281,124799609.34705496,-0.7003179025732122,0.18783140662381526,2269.5508,0.5555,1816.0492,0.4445,4371.0,4125.0,3889.0,4011.0,4032.0,4085.6,20428.0,-79.2,47.38804349903747,163832.0,95581.70723187573,-0.6943757494697931,0.1932540300708185
Otology,F,Total,Total,391.9022754973553,128.67637886198216,250.50987977972542,935470.0105120002,0.7240874775747836,356459.5414880001,0.27591252242521663,1428204.94,1637545.31,1094948.26,1165093.31,1133855.94,1291929.552,6459647.76,-106115.0,59243.460903817184,215325884.552,119494090.01506352,-0.7188703854856369,0.17118823540094316,2386.99816,0.4628477003024898,2770.2018399999997,0.5371522996975102,5643.0,5010.0,4876.0,5112.0,5145.0,5157.2,25786.0,-89.4,92.9177413988667,185477.00000000003,187415.13046880712,-0.48560084939901405,0.40695479279071956
Otology,,Total,Total,1782.607844731032,393.8839423915624,872.6592393421556,6120998.2416428,0.7042501465109723,2570513.2503571995,0.29574985348902755,6215538.26,7025937.97,8266184.96,10502564.370000001,11447331.9,8691511.492,43457557.46,1394021.3680000005,132537.311129937,-2803049587.764001,267327822.2591944,0.9867106507120429,0.001835362323359704,3433.73236,0.3447591678547762,6526.067639999999,0.6552408321452238,10092.0,9636.0,9617.0,10255.0,10199.0,9959.8,49799.0,83.30000000000001,102.43793242739723,-158056.30000000005,206617.36049332833,0.42498075151598724,0.47565817558322976
Rhinology,,30465,Widening of nasal passage,1565.9596965823291,674.9173558668369,905.9646348143639,266858.2611756,0.4482,328541.69682440005,0.5518000000000001,423255.25,460478.9,747604.4,606739.83,738921.41,595399.958,2976999.79,77759.325,32282.894431047363,-156245158.567,65114614.07282187,0.8118862102027359,0.09512925031531144,170.41196,0.2593,486.78804,0.7407,483.0,514.0,792.0,687.0,810.0,657.2,3286.0,82.7,28.789986685188545,-166148.69999999998,58069.41741769071,0.8563683302969237,0.06391811050987269
Rhinology,,30802,Destruction of soft tissue in nasal passages,333.4835450131039,81.74351879067358,170.2049640052356,71624.155149,0.6885,32405.118851000003,0.3115,93891.34,144814.17,68066.24,98175.24,115199.38,104029.274,520146.37,-402.2849999999992,10355.269048358055,915438.1189999983,20886582.804533128,-0.022423459330187516,0.9714519576128516,214.77568000000002,0.3514,396.4243200000001,0.6486000000000001,553.0,609.0,491.0,725.0,678.0,611.2,3056.0,36.6,26.992097608991667,-73211.0,54443.07425963381,0.6164307243518372,0.2681515422055013
Rhinology,,30930,Therapeutic fracture of nasal passages,430.8151299794557,63.455190428090184,249.5229998108568,230732.99469000002,0.8745,33112.62530999998,0.12549999999999994,266267.33,230010.14,285853.59,267984.22,269112.82,263845.62,1319228.1,4366.505999999994,7045.714510715103,-8543396.981999988,14211209.661277283,0.3368906177206336,0.5793154296368275,535.5731,0.5065,521.8269000000001,0.4935000000000001,1052.0,953.0,1057.0,1091.0,1134.0,1057.4,5287.0,30.200000000000003,17.131647128438452,-59856.00000000001,34554.54075168704,0.7133044574774458,0.1761348418887453
Rhinology,,31231,Diagnostic examination of nasal passages using an endoscope,33.995237238904664,45.33605563992704,45.32698298520622,974.6951243999998,0.0006,1623517.1788755998,0.9994,1561172.64,1473524.08,1495479.72,1726503.13,1865779.8,1624491.8739999998,8122459.369999999,86219.33700000001,35465.079047882304,-172279910.85500002,71533082.02265976,0.8144384289774966,0.09323787565326513,28.67152,0.0008,35810.72848,0.9991999999999999,33396.0,32245.0,32767.0,38601.0,42188.0,35839.4,179197.0,2394.0,794.7400665207041,-4792858.6,1602991.1081930676,0.8669094054300829,0.057106975553228925
Rhinology,,31237,Biopsy or removal of nasal polyp or tissue using an endoscope,422.30777338472376,157.85593790494661,173.40570583115752,114126.47975679999,0.1432,682846.1442432,0.8568,689656.89,700877.99,831306.55,817973.23,945048.46,796972.624,3984863.1199999996,62787.83799999999,12746.262948344089,-125846096.62199998,25709218.686225682,0.9433821894586006,0.016033944533439475,270.2448,0.0588,4325.7552000000005,0.9412000000000001,4011.0,3961.0,4811.0,4766.0,5431.0,4596.0,22980.0,364.5,79.41399960544318,-730600.5,160178.07657650902,0.9356000975287024,0.01942769738101112
Rhinology,,31238,Control of nasal bleeding using an endoscope,421.23102290098774,140.26542592658114,167.2381232361242,17194.31337,0.24179999999999996,53915.336630000005,0.7582,103707.75,65452.13,57244.23,70939.82,58204.32,71109.65000000001,355548.25000000006,-8551.917,4906.176613296447,17320326.238999996,9895760.661431432,-0.7093498057544051,0.17967389192522223,40.8192,0.096,384.3808,0.904,581.0,379.0,360.0,456.0,350.0,425.2,2126.0,-38.5,27.349771479849696,78079.7,55164.502634484066,-0.6307002261889488,0.253948260755418
Rhinology,,31254,Partial removal of nasal sinus using an endoscope,722.082427472653,152.8545236681606,469.45908376421926,388368.71203700005,0.8555,65598.22196299999,0.14449999999999996,278635.35,433153.49,514211.15,551675.73,492158.95,453966.934,2269834.67,54556.94400000001,23126.295910548346,-109587389.11400002,46645750.3172642,0.8060702338767343,0.09948222090714778,537.8454,0.5562,429.15459999999996,0.4438,891.0,890.0,927.0,1081.0,1046.0,967.0,4835.0,50.1,15.75002645500424,-100084.7,31767.81116838238,0.8782448372879003,0.050057595962399025
Rhinology,,31256,Incision of nasal sinus using an endoscope,453.43347339694907,104.84911575640724,277.32865591694735,812583.001134,0.809,191845.92486599996,0.19099999999999998,1021363.93,1035079.99,1059938.69,913926.8,991835.22,1004428.926,5022144.63,-18021.061000000012,17709.946197758378,37352908.96300002,35720970.26121777,-0.5065443807439803,0.38380184029854786,1792.0666400000002,0.4948,1829.73336,0.5052,3599.0,3847.0,3956.0,3242.0,3465.0,3621.8,18109.0,-87.30000000000001,92.2940770941812,179705.90000000002,186157.1992570526,-0.4792951318889648,0.41398729924814087
Rhinology,,31259,Removal of tissue from sphenoid sinus using an endoscope,686.4141154711718,484.24968962041004,551.5502269861286,108723.7538514,0.4143,153703.8441486,0.5857,0.0,0.0,0.0,560920.86,751217.13,262427.598,1312137.99,206335.512,60242.490958156544,-415916300.106,121509134.1299709,0.8923847168278222,0.04168762313918171,158.39382,0.33290000000000003,317.40618,0.6671,0.0,0.0,0.0,1016.0,1363.0,475.8,2379.0,374.20000000000005,109.21544457325314,-754285.6000000001,220287.6058517137,0.8924469125767027,0.041651891468686156
Rhinology,,31276,Exploration of nasal sinus using an endoscope,825.1952296126187,435.84030381860697,590.8035642846236,1720698.4131005998,0.5559,1374639.6208994002,0.44410000000000005,3551553.36,3919275.81,4510942.92,1568753.14,1926164.94,3095338.034,15476690.17,-560129.951,339161.44719558395,1132877449.201,684088807.1449085,-0.6900805665371519,0.19720073314224573,2085.2016,0.39799999999999996,3153.9984,0.602,5855.0,6240.0,7061.0,3202.0,3838.0,5239.2,26196.0,-707.2,440.1512012933737,1431661.6,887785.1912294324,-0.6800845505300942,0.2064720108371313
Rhinology,,Total,Total,639.6781624590393,95.26831906466207,154.6453461007811,3731884.7793888003,0.4511460403728898,4540125.7126112,0.5488539596271103,7989503.84,8462666.700000001,9570647.49,7183592.0,8153642.43,8272010.492000001,41360052.46,-95079.75200000015,311495.42907684407,200047870.27600032,628286434.8829924,-0.17355395629552295,0.7801386408079127,5834.003720000001,0.10906677709187854,47656.19627999999,0.8909332229081214,50421.0,49638.0,52222.0,54867.0,60303.0,53490.2,267451.0,2499.3,624.8354956839971,-4987597.9,1260293.504579163,0.9176605015688957,0.028009687418598415
Rhinology,C,31253,Complete examination of nose and sinuses using an endoscope,747.2705052613005,535.3089216514578,669.777350293542,242248.95676279996,0.7078,100007.2692372,0.2922,0.0,0.0,0.0,831021.41,880259.72,342256.22599999997,1711281.13,259154.08499999996,83296.40641151712,-522371533.2189999,168008893.02920216,0.8737288166000424,0.05283096731049218,324.17839999999995,0.6344,186.82160000000002,0.36560000000000004,0.0,0.0,0.0,1260.0,1295.0,511.0,2555.0,385.0,126.0647981529076,-776034.0,254272.76037554632,0.8698438446968965,0.055254163397438605
Rhinology,C,31257,Complete examination of nose and sinuses and removal of nasal sinus using an endoscope,733.6285965962825,454.9149006060613,576.5734289057929,109454.2320092,0.5554,87618.56599080001,0.44460000000000005,0.0,0.0,0.0,439556.46,545807.53,197072.798,985363.99,153117.152,45635.76098075479,-308640222.786,92047352.52374284,0.8885845871067883,0.04388916280940186,149.19570000000002,0.43650000000000005,192.6043,0.5635,0.0,0.0,0.0,750.0,959.0,341.8,1709.0,266.8,78.78713939046992,-537793.7999999999,158913.69921211957,0.8903009237760445,0.04289037817918813
Rhinology,C,Total,Total,742.9709161781348,494.4992822788323,632.4214634146341,351703.18877199996,0.6521124825872526,187625.835228,0.3478875174127473,0.0,0.0,0.0,1270577.87,1426067.25,539329.024,2696645.12,412271.237,128320.07066150842,-831011756.005,258821646.14352617,0.8802350965880668,0.04885041849488965,473.3741,0.5550821998123827,379.4259,0.4449178001876173,0.0,0.0,0.0,2010.0,2254.0,852.8,4264.0,651.8000000000001,202.9650544634059,-1313827.8,409380.6154798734,0.8801459056768016,0.0489043170682342
Rhinology,H,30130,Removal of nasal air passage,383.6124464566495,250.99893652113352,307.10771257485027,108420.69263199999,0.5285,96727.259368,0.47150000000000003,227895.47,229411.98,216179.41,165502.7,186750.2,205147.952,1025739.76,-14619.981999999998,5775.4371942582275,29693651.645999994,11649059.68419836,-0.825301866044556,0.08531887201441088,282.63079999999997,0.4230999999999999,385.3692,0.5769,717.0,762.0,717.0,548.0,596.0,668.0,3340.0,-45.6,20.353869410998982,92643.2,41053.76469314355,-0.7911374728789666,0.11092450721512735
Rhinology,H,30140,Removal of nasal air passage,382.3243449067004,267.7247267294758,328.48544428704025,2489785.7967378004,0.6171,1544869.5212622003,0.3829,4090571.97,4163402.15,4804703.77,3414962.46,3699636.24,4034655.318000001,20173276.590000004,-153031.115,170757.99995385934,312698414.273,344418970.566319,-0.4595437687726242,0.4361919594857325,6512.23452,0.5302,5770.36548,0.4698,9942.0,11063.0,12663.0,13489.0,14256.0,12282.6,61413.0,1105.4,89.65742207610812,-2217309.2,180839.06477838318,0.990275799641127,0.001149423880766168
Rhinology,H,31240,Removal of nasal breathing passages using an endoscope,247.8921226666667,79.46367695238096,188.94216666666668,46405.40536320001,0.8528,8009.9386368000005,0.1472,53348.63,27758.99,47718.67,62021.47,81228.96,54415.344000000005,272076.72000000003,9002.314000000002,4909.009106295485,-18103251.994000003,9901473.801214803,0.7269942964909941,0.16404167507414952,187.20000000000002,0.65,100.8,0.35,180.0,176.0,280.0,339.0,465.0,288.0,1440.0,73.3,12.210787580387006,-147558.1,24629.164603575187,0.9608044820568103,0.009260160540999783
Rhinology,H,Total,Total,378.77215029162755,263.6614042179337,324.37105237713956,2644611.8947330005,0.6158540429476608,1649606.7192670004,0.3841459570523394,4371816.07,4420573.12,5068601.85,3642486.6300000004,3967615.4000000004,4294218.614,21471093.07,-158648.78299999997,173338.40673202442,324288813.92499995,349623652.3172069,-0.4672044153385108,0.4275485055523215,6982.06532,0.5274020908555285,6256.534680000001,0.47259790914447153,10839.0,12001.0,13660.0,14376.0,15317.0,13238.6,66193.0,1133.1000000000001,89.73685604774249,-2272224.1,180999.28313855195,0.9907227350980886,0.0010711702710922463
Rhinology,J,31267,Removal of nasal sinus tissue using an endoscope,803.2117537484588,173.49602711123913,491.7543553536899,3610783.7563200006,0.8255,763272.8836800001,0.1745,2454520.71,4313264.94,4546272.86,5081500.91,5474723.78,4374056.640000001,21870283.200000003,680864.2110000001,162701.8801167778,-1368929056.9470003,328169772.860816,0.9239827837558989,0.024870628420579716,4495.431919999999,0.5054,4399.36808,0.49460000000000004,7561.0,8394.0,9166.0,9227.0,10126.0,8894.8,44474.0,596.3000000000001,76.1239997197553,-1193842.3,153542.14517594146,0.9764155398618548,0.004332418390230534
Rhinology,J,31288,Removal of nasal sinus tissue using an endoscope,971.1859636313318,153.82230333072104,430.66337507453784,330980.11813440005,0.7638000000000001,102353.36986559999,0.23619999999999997,460441.25,585987.47,820141.39,132215.78,167881.55,433333.488,2166667.44,-103889.109,86960.8260083694,209977666.341,175400029.17282027,-0.5677805642285733,0.31805751930220183,340.79994,0.3387,665.40006,0.6613,1395.0,1421.0,1705.0,236.0,274.0,1006.2,5031.0,-342.70000000000005,159.8371984238963,692232.1000000001,322391.7084660056,-0.7778857062131052,0.12138697299272078
Rhinology,J,Total,Total,815.0485726410977,170.91132893313454,485.5459173820827,3941763.8744544005,0.8199384217844364,865626.2535456001,0.18006157821556354,2914961.96,4899252.41,5366414.25,5213716.69,5642605.33,4807390.1280000005,24036950.64,576975.1020000001,218777.97301004283,-1158951390.6060002,441275280.0282599,0.8358520558596618,0.07783838836165803,4836.231859999999,0.4884589294010705,5064.76814,0.5115410705989294,8956.0,9815.0,10871.0,9463.0,10400.0,9901.0,49505.0,253.60000000000002,233.74034026386346,-501610.20000000007,471454.38219734473,0.5308546596091673,0.3573397518715893
Rhinology,,Total,Total,588.6657317505803,122.02425446823266,231.18672138002597,10669963.7373482,0.5956564817621771,7242984.520651801,0.40434351823782283,15276281.870000001,17782492.23,20005663.590000004,17310373.19,19189930.41,17912948.258,89564741.29,735517.804,514211.4223653637,-1465626462.41,1037164693.8496392,0.6367638387850714,0.24797612614105732,18125.675,0.2339321989711238,59356.925,0.7660678010288762,70216.0,71454.0,76753.0,80716.0,88274.0,77482.6,387413.0,4537.8,596.4537087374559,-9075260.0,1203047.4262367038,0.9750505991580926,0.004712941285746164
Total,,Total,Total,558.6250311047495,137.216842867757,259.7660369118782,40062759.9571834,0.6253606567259407,23999317.8928166,0.3746179547905904,58667070.89,61352081.82000001,63911899.11,66782630.370000005,69603558.16,64063448.07000001,320317240.35,2730352.308999999,33613.27866468328,-5443057159.182999,67797999.73165107,0.9997727376129005,4.112542491098576e-06,71716.72898000001,0.29079874762691404,174900.67101999998,0.7091915207943563,242937.0,233972.0,243999.0,251313.0,260878.0,246619.8,1233099.0,5322.3,2020.330615683153,-10488459.299999999,4075007.853484068,0.8355754836214128,0.07803177290210368
