,,HCPCS_Cd,HCPCS_Desc,HCPCS_Drug_Ind,Place_Of_Srvc,Tot_Benes,Tot_Srvcs,Tot_Bene_Day_Srvcs,Avg_Sbmtd_Chrg,Avg_Mdcr_Alowd_Amt,Avg_Mdcr_Pymt_Amt
2019,0,60240,Removal of thyroid,N,F,18,18,18,4096,126,100.39
2019,1,60240,Removal of thyroid,N,F,13,13,13,5807.6923077,906.30846154,724.50692308
2019,2,60240,Removal of thyroid,N,F,16,16,16,1935,936.269375,739.449375
2019,3,60240,Removal of thyroid,N,F,13,13,13,2375.8461538,826.54538462,651.52153846
2019,4,60240,Removal of thyroid,N,F,21,21,21,2689.7333333,819.35142857,650.34190476
2019,5,60240,Removal of thyroid,N,F,12,12,12,3449,907.3,724.94
2019,6,60240,Removal of thyroid,N,F,11,11,11,2381,874.79181818,703.69181818
2019,7,60240,Removal of thyroid,N,F,27,27,27,7915,953.30185185,758.92444444
2019,8,60240,Removal of thyroid,N,F,15,15,15,1115.5333333,432.40133333,335.48733333
2019,9,60240,Removal of thyroid,N,F,11,11,11,3391.45,978.79090909,779.85363636
2019,10,60240,Removal of thyroid,N,F,17,17,17,2069.32,117.07058824,93.617647059
2019,11,60240,Removal of thyroid,N,F,15,15,15,2734.8,777.34133333,619.21466667
2019,12,60240,Removal of thyroid,N,F,11,11,11,1806,984.86363636,774.19272727
2019,13,60240,Removal of thyroid,N,F,12,12,12,12198.958333,950.01,759.77
2019,14,60240,Removal of thyroid,N,F,11,11,11,1911,111.83818182,89.504545455
2019,15,60240,Removal of thyroid,N,F,17,17,17,4300,825.13411765,662.38764706
2019,16,60240,Removal of thyroid,N,F,11,11,11,3853,919.84,733.68
2019,17,60240,Removal of thyroid,N,F,14,14,14,2446.4057143,997.12928571,796.16214286
2019,18,60240,Removal of thyroid,N,F,20,20,20,6587.75,1029.563,822.002
2019,19,60240,Removal of thyroid,N,F,12,12,12,2940,956.285,745.53583333
2019,20,60240,Removal of thyroid,N,F,15,15,15,3527,804.08333333,642.69266667
2019,21,60240,Removal of thyroid,N,F,12,12,12,2000,533.36916667,424.97083333
2019,22,60240,Removal of thyroid,N,F,13,13,13,2400,872.56923077,698.83692308
2019,23,60240,Removal of thyroid,N,F,15,15,15,2669,860.99666667,686.56866667
2019,24,60240,Removal of thyroid,N,F,11,11,11,8888.7090909,811.15727273,648.72272727
2019,25,60240,Removal of thyroid,N,F,11,11,11,959.09090909,111.21272727,75.948181818
2019,26,60240,Removal of thyroid,N,F,15,15,15,1122,782.28333333,625.63333333
2019,27,60240,Removal of thyroid,N,F,12,12,12,1256,142.25583333,113.76416667
2019,28,60240,Removal of thyroid,N,F,11,11,11,2313.5272727,591.06,474.89
2019,29,60240,Removal of thyroid,N,F,11,11,11,2718,865.24363636,689.23
2019,30,60240,Removal of thyroid,N,F,23,23,23,3877.6630435,997.65043478,796.18869565
2019,31,60240,Removal of thyroid,N,F,13,13,13,5120.6153846,856.20076923,684.67461538
2019,32,60240,Removal of thyroid,N,F,12,12,12,4205,1016.54,809.93
2019,33,60240,Removal of thyroid,N,F,15,15,15,2702,773.324,618.062
2019,34,60240,Removal of thyroid,N,F,12,12,12,2990.3333333,953.66583333,761.88416667
2019,35,60240,Removal of thyroid,N,F,13,13,13,3821,909.08615385,726.27846154
2019,36,60240,Removal of thyroid,N,F,21,21,21,2465,131.2752381,100.94904762
2019,37,60240,Removal of thyroid,N,F,16,16,16,1914.72,938.786875,749.454375
2019,38,60240,Removal of thyroid,N,F,23,23,23,3185.5026087,814.99652174,651.67695652
2019,39,60240,Removal of thyroid,N,F,12,12,12,2794,819.15,655.025
2019,40,60240,Removal of thyroid,N,F,11,11,11,3319,950.83727273,760.07181818
2019,41,60240,Removal of thyroid,N,F,31,31,31,2106.6129032,806.19903226,633.11064516
2019,42,60240,Removal of thyroid,N,F,16,16,16,3034.5,929.109375,733.40375
2019,43,60240,Removal of thyroid,N,F,14,14,14,3069,835.33142857,655.27
2019,44,60240,Removal of thyroid,N,F,13,13,13,529,115.87538462,92.326923077
2019,45,60240,Removal of thyroid,N,F,19,19,19,2363,770.16842105,610.55894737
2019,46,60240,Removal of thyroid,N,F,21,21,21,3200,835.1652381,657.64142857
2019,47,60240,Removal of thyroid,N,F,12,12,12,2423,893.47083333,717.42916667
2019,48,60240,Removal of thyroid,N,F,16,16,16,2137,866.160625,682.890625
2019,49,60240,Removal of thyroid,N,F,13,13,13,2721,783.27615385,639.86153846
2019,50,60240,Removal of thyroid,N,F,11,11,11,2230,736.48272727,588.71090909
2019,51,60240,Removal of thyroid,N,F,12,12,12,2932,727.1375,591.89666667
2019,52,60240,Removal of thyroid,N,F,14,14,14,1000.7142857,489.04428571,389.64785714
2019,53,60240,Removal of thyroid,N,F,13,13,13,2749.7692308,1011.6284615,783.34
2019,54,60240,Removal of thyroid,N,F,11,11,11,2718,865.31909091,677.88909091
2019,55,60240,Removal of thyroid,N,F,25,25,25,2711,802.0196,641.2528
2019,56,60240,Removal of thyroid,N,F,24,24,24,2784.72,907.18833333,722.80125
2019,57,60240,Removal of thyroid,N,F,11,11,11,1988,855.95,681.98
2019,58,60240,Removal of thyroid,N,F,12,12,12,2839.1666667,891.40166667,711.03833333
2019,59,60240,Removal of thyroid,N,F,11,11,11,3000,937.58636364,738.49363636
2019,60,60240,Removal of thyroid,N,F,14,14,14,16828.797857,2050.4478571,1633.6928571
2019,61,60240,Removal of thyroid,N,F,25,25,25,2500,122.23,97.39
2019,62,60240,Removal of thyroid,N,F,12,12,12,1085.46,99.734166667,79.7625
2019,63,60240,Removal of thyroid,N,F,19,19,19,2874,831.37052632,640.48315789
2019,64,60240,Removal of thyroid,N,F,18,18,18,2434.5,867.20722222,685.26055556
2019,65,60240,Removal of thyroid,N,F,17,17,17,1034.91,997.29941176,796.40705882
2019,66,60240,Removal of thyroid,N,F,15,15,15,2580.2666667,1016.566,809.95066667
2019,67,60240,Removal of thyroid,N,F,18,18,18,2200,824.23111111,659.05777778
2019,68,60240,Removal of thyroid,N,F,24,24,24,2500,870.11,687.44
2019,69,60240,Removal of thyroid,N,F,20,20,20,2229,785.843,626.1225
2019,70,60240,Removal of thyroid,N,F,19,19,19,2795,931.99,743.9
2019,71,60240,Removal of thyroid,N,F,15,15,15,4275.0833333,1023.3173333,815.32933333
2019,72,60240,Removal of thyroid,N,F,12,12,12,2575,849.56,676.89
2019,73,60240,Removal of thyroid,N,F,14,14,14,1351,104.01571429,83.135714286
2019,74,60240,Removal of thyroid,N,F,15,15,15,3612,838.31933333,650.484
2019,75,60240,Removal of thyroid,N,F,92,93,92,2740.5483871,455.8627957,363.20688172
2019,76,60240,Removal of thyroid,N,F,12,12,12,5128.6666667,812.38083333,649.63333333
2019,77,60240,Removal of thyroid,N,F,15,15,15,1798,856.52133333,688.92333333
2019,78,60240,Removal of thyroid,N,F,13,13,13,3224,902.65153846,710.51692308
2019,79,60240,Removal of thyroid,N,F,19,19,19,2861,852.68473684,681.38421053
2019,80,60240,Removal of thyroid,N,F,11,11,11,1949,876.33,704.15727273
2019,81,60240,Removal of thyroid,N,F,17,17,17,1874,881.83,704.64
2019,82,60240,Removal of thyroid,N,F,19,19,19,14414.368421,2081.03,1658.06
2019,83,60240,Removal of thyroid,N,F,17,17,17,2014.4117647,924.22588235,736.37588235
2019,84,60240,Removal of thyroid,N,F,11,11,11,3856,885.74272727,708.36909091
2019,85,60240,Removal of thyroid,N,F,11,11,11,6399,1764.4,1405.7818182
2019,86,60240,Removal of thyroid,N,F,24,24,24,837.81916667,815.10291667,651.24958333
2019,87,60240,Removal of thyroid,N,F,93,93,93,2348.6129032,145.02849462,114.57806452
2019,88,60240,Removal of thyroid,N,F,14,14,14,2995.5714286,893.06785714,703.31285714
2018,0,60240,Removal of thyroid,N,F,11,11,11,1294.75,145.38,115.83
2018,1,60240,Removal of thyroid,N,F,11,11,11,564.54545455,204.48,162.91636364
2018,2,60240,Removal of thyroid,N,F,17,17,17,5951.1764706,824.05764706,653.61647059
2018,3,60240,Removal of thyroid,N,F,17,17,17,1935,863.33470588,679.28764706
2018,4,60240,Removal of thyroid,N,F,11,11,11,4048.1818182,995.26909091,798.54090909
2018,5,60240,Removal of thyroid,N,F,24,24,24,2701.5416667,822.70958333,642.01041667
2018,6,60240,Removal of thyroid,N,F,11,11,11,3000,927.83818182,735.49727273
2018,7,60240,Removal of thyroid,N,F,19,19,19,3449,860.09315789,682.02736842
2018,8,60240,Removal of thyroid,N,F,11,11,11,1527.2727273,360.83272727,287.49272727
2018,9,60240,Removal of thyroid,N,F,12,12,12,1983,1919.62,1529.45
2018,10,60240,Removal of thyroid,N,F,12,12,12,2182.6666667,805.1575,641.5075
2018,11,60240,Removal of thyroid,N,F,13,13,13,4205,1009.71,804.48
2018,12,60240,Removal of thyroid,N,F,13,13,13,7915,928.11846154,739.47846154
2018,13,60240,Removal of thyroid,N,F,18,18,18,3391.45,1018.42,811.42
2018,14,60240,Removal of thyroid,N,F,14,14,14,2121.4885714,227.37714286,181.16142857
2018,15,60240,Removal of thyroid,N,F,12,12,12,2692.9166667,768.6275,612.405
2018,16,60240,Removal of thyroid,N,F,14,14,14,1806,955.42714286,757.86285714
2018,17,60240,Removal of thyroid,N,F,12,12,12,7157,204.49833333,164.35
2018,18,60240,Removal of thyroid,N,F,15,15,15,2604.2,855.75,668.34666667
2018,19,60240,Removal of thyroid,N,F,19,19,19,4300,889.18631579,712.50315789
2018,20,60240,Removal of thyroid,N,F,14,14,14,3000,995.98928571,791.92285714
2018,21,60240,Removal of thyroid,N,F,12,12,12,4006,831.75083333,662.6975
2018,22,60240,Removal of thyroid,N,F,14,14,14,3853,877.74142857,699.33857143
2018,23,60240,Removal of thyroid,N,F,17,17,17,3076,975.67235294,774.73176471
2018,24,60240,Removal of thyroid,N,F,11,11,11,1540,898.06454545,715.52909091
2018,25,60240,Removal of thyroid,N,F,11,11,11,1272,165.44545455,131.82090909
2018,26,60240,Removal of thyroid,N,F,11,11,11,7157,852.89545455,666.28636364
2018,27,60240,Removal of thyroid,N,F,16,16,16,6000,1077.288125,855.456875
2018,28,60240,Removal of thyroid,N,F,11,11,11,2880,823.81545455,659.99272727
2018,29,60240,Removal of thyroid,N,F,14,14,14,3527,845.67357143,663.85142857
2018,30,60240,Removal of thyroid,N,F,16,16,16,2658.03125,866.18375,670.715625
2018,31,60240,Removal of thyroid,N,F,14,14,14,1910,900.76,717.68
2018,32,60240,Removal of thyroid,N,F,13,13,13,3667.5692308,748.66307692,596.49615385
2018,33,60240,Removal of thyroid,N,F,11,11,11,3041,996.96545455,794.33454545
2018,34,60240,Removal of thyroid,N,F,15,15,15,1065,124.658,99.322
2018,35,60240,Removal of thyroid,N,F,18,18,18,542.63,138.51,110.36
2018,36,60240,Removal of thyroid,N,F,13,13,13,1160.4615385,813.02461538,647.77846154
2018,37,60240,Removal of thyroid,N,F,13,13,13,2334.0615385,779.74076923,607.16538462
2018,38,60240,Removal of thyroid,N,F,31,31,31,4645.1612903,946.67354839,757.32903226
2018,39,60240,Removal of thyroid,N,F,12,12,12,4577.625,967.8325,767.07083333
2018,40,60240,Removal of thyroid,N,F,19,19,19,5179,908.58,723.91
2018,41,60240,Removal of thyroid,N,F,15,15,15,2173,853.60666667,680.11
2018,42,60240,Removal of thyroid,N,F,11,11,11,974,129.93,103.52
2018,43,60240,Removal of thyroid,N,F,11,11,11,2510,850.22545455,671.28
2018,44,60240,Removal of thyroid,N,F,14,14,14,4205,1003.6714286,799.66928571
2018,45,60240,Removal of thyroid,N,F,12,12,12,2702,876.11,698.04
2018,46,60240,Removal of thyroid,N,F,11,11,11,3999,829.72545455,664.99818182
2018,47,60240,Removal of thyroid,N,F,11,11,11,1798.0227273,884.34181818,691.34363636
2018,48,60240,Removal of thyroid,N,F,11,11,11,3002.1818182,933.74636364,743.96363636
2018,49,60240,Removal of thyroid,N,F,11,11,11,2796.9636364,840.74454545,669.86181818
2018,50,60240,Removal of thyroid,N,F,28,28,28,4500,128.91892857,103.39392857
2018,51,60240,Removal of thyroid,N,F,13,13,13,2855,110.45230769,88.000769231
2018,52,60240,Removal of thyroid,N,F,12,12,12,2562,781.62666667,620.18583333
2018,53,60240,Removal of thyroid,N,F,21,21,21,2013.2914286,910.11428571,712.76333333
2018,54,60240,Removal of thyroid,N,F,11,11,11,1900,843.66363636,670.06272727
2018,55,60240,Removal of thyroid,N,F,18,18,18,1820,831.4,662.41333333
2018,56,60240,Removal of thyroid,N,F,14,14,14,3319,839.69214286,669.025
2018,57,60240,Removal of thyroid,N,F,27,27,27,2107.4444444,868.70296296,686.31814815
2018,58,60240,Removal of thyroid,N,F,18,18,18,2845,914.75388889,722.46388889
2018,59,60240,Removal of thyroid,N,F,13,13,13,3069,829.27923077,655.26538462
2018,60,60240,Removal of thyroid,N,F,26,26,26,540.34615385,112.59807692,82.701538462
2018,61,60240,Removal of thyroid,N,F,12,12,12,1860,843.11333333,671.74416667
2018,62,60240,Removal of thyroid,N,F,12,12,12,2363,721.52166667,578.21416667
2018,63,60240,Removal of thyroid,N,F,17,17,17,3200,828.39117647,656.71470588
2018,64,60240,Removal of thyroid,N,F,12,12,12,2389,901.61666667,705.99333333
2018,65,60240,Removal of thyroid,N,F,11,11,11,2230,838.50181818,668.07727273
2018,66,60240,Removal of thyroid,N,F,17,17,17,5964.4264706,936.25529412,745.95647059
2018,67,60240,Removal of thyroid,N,F,16,16,16,3660,820.241875,653.345
2018,68,60240,Removal of thyroid,N,F,20,20,20,3041,966.119,769.1535
2018,69,60240,Removal of thyroid,N,F,14,14,14,45900,922.48,733.48
2018,70,60240,Removal of thyroid,N,F,28,28,28,2711,662.82464286,527.87
2018,71,60240,Removal of thyroid,N,F,19,19,19,2784.72,839.73315789,658.40421053
2018,72,60240,Removal of thyroid,N,F,12,12,12,7915,921.96416667,720.11416667
2018,73,60240,Removal of thyroid,N,F,11,11,11,6314.5454545,889.54909091,695.49454545
2018,74,60240,Removal of thyroid,N,F,16,16,16,2563.75,839.141875,664.93875
2018,75,60240,Removal of thyroid,N,F,11,11,11,3600,764.06727273,594.57909091
2018,76,60240,Removal of thyroid,N,F,13,13,13,2855,812.16307692,647.08615385
2018,77,60240,Removal of thyroid,N,F,11,11,11,1957.0909091,783.84727273,624.52727273
2018,78,60240,Removal of thyroid,N,F,11,11,11,2874,865.56636364,689.63818182
2018,79,60240,Removal of thyroid,N,F,17,17,17,5786.5294118,735.66294118,586.13941176
2018,80,60240,Removal of thyroid,N,F,15,15,15,2434.5,859.824,685.062
2018,81,60240,Removal of thyroid,N,F,16,16,16,3041,882.536875,700.143125
2018,82,60240,Removal of thyroid,N,F,11,11,11,2163.6363636,867.41727273,684.29909091
2018,83,60240,Removal of thyroid,N,F,14,14,14,1053.7642857,848.25142857,675.84142857
2018,84,60240,Removal of thyroid,N,F,20,20,20,2500,831.63,662.597
2018,85,60240,Removal of thyroid,N,F,11,11,11,3500,746.51090909,593.56545455
2018,86,60240,Removal of thyroid,N,F,15,15,15,2254.2666667,813.644,638.54733333
2018,87,60240,Removal of thyroid,N,F,14,14,14,3030,876.13071429,698.05571429
2018,88,60240,Removal of thyroid,N,F,13,13,13,2795,884.30769231,704.56769231
2018,89,60240,Removal of thyroid,N,F,16,16,16,4205,915.050625,729.061875
2018,90,60240,Removal of thyroid,N,F,13,13,13,2253.78,926.81076923,738.43615385
2018,91,60240,Removal of thyroid,N,F,15,15,15,1400,871.47066667,673.52333333
2018,92,60240,Removal of thyroid,N,F,20,20,20,4205,1009.724,803.79
2018,93,60240,Removal of thyroid,N,F,12,12,12,1550,881.32,702.19
2018,94,60240,Removal of thyroid,N,F,11,11,11,4600,999.91181818,793.38909091
2018,95,60240,Removal of thyroid,N,F,16,16,16,3612,853.255625,679.83
2018,96,60240,Removal of thyroid,N,F,15,15,15,3870.45,925.86,718.23466667
2018,97,60240,Removal of thyroid,N,F,11,11,11,2616,815.62909091,649.43090909
2018,98,60240,Removal of thyroid,N,F,11,11,11,4238,909.28090909,724.46818182
2018,99,60240,Removal of thyroid,N,F,62,62,62,2102.516129,577.83870968,460.39112903
2018,100,60240,Removal of thyroid,N,F,13,13,13,5278.5961538,908.80461538,712.87307692
2018,101,60240,Removal of thyroid,N,F,17,17,17,2861,838.9,668.39352941
2018,102,60240,Removal of thyroid,N,F,17,17,17,1874,840.04588235,669.30294118
2018,103,60240,Removal of thyroid,N,F,16,16,16,13152.3125,2047.86,1631.63
2018,104,60240,Removal of thyroid,N,F,14,14,14,6399,1782.7128571,1409.9557143
2018,105,60240,Removal of thyroid,N,F,24,24,24,2496.375,118.1625,94.149583333
2018,106,60240,Removal of thyroid,N,F,11,11,11,9500.15,1907.4109091,1519.7227273
2018,107,60240,Removal of thyroid,N,F,15,15,15,2943,848.162,668.06866667
2017,0,60240,Removal of thyroid,N,F,16,16,16,630.6,134.8,107.4
2017,1,60240,Removal of thyroid,N,F,12,12,12,5538.9633333,838.5375,658.03
2017,2,60240,Removal of thyroid,N,F,16,16,16,1935,916.086875,728.080625
2017,3,60240,Removal of thyroid,N,F,11,11,11,2365,855.79,681.85
2017,4,60240,Removal of thyroid,N,F,33,33,33,2729.6,818.96030303,651.35757576
2017,5,60240,Removal of thyroid,N,F,15,15,15,3449,939.06533333,752.49533333
2017,6,60240,Removal of thyroid,N,F,19,19,19,2500,121.58,96.87
2017,7,60240,Removal of thyroid,N,F,23,23,23,2215.4782609,816.66652174,647.98826087
2017,8,60240,Removal of thyroid,N,F,35,35,35,7915,921.46542857,727.14542857
2017,9,60240,Removal of thyroid,N,F,13,13,13,2694,733.28846154,573.03307692
2017,10,60240,Removal of thyroid,N,F,11,11,11,2614.4990909,865.12818182,689.28909091
2017,11,60240,Removal of thyroid,N,F,13,13,13,1965.6153846,671.72846154,533.27461538
2017,12,60240,Removal of thyroid,N,F,19,19,19,2697,762.35947368,607.40842105
2017,13,60240,Removal of thyroid,N,F,13,13,13,10000,1044.9415385,826.38384615
2017,14,60240,Removal of thyroid,N,F,12,12,12,2500,828.41,653.575
2017,15,60240,Removal of thyroid,N,F,23,23,23,1911,108.12782609,86.623478261
2017,16,60240,Removal of thyroid,N,F,12,12,12,3212,886.93916667,689.29583333
2017,17,60240,Removal of thyroid,N,F,13,13,13,2694,857.20153846,685.35230769
2017,18,60240,Removal of thyroid,N,F,17,17,17,1800,810.94588235,639.13941176
2017,19,60240,Removal of thyroid,N,F,13,13,13,4890,852.74692308,679.42076923
2017,20,60240,Removal of thyroid,N,F,21,21,21,4300,846.43428571,668.72857143
2017,21,60240,Removal of thyroid,N,F,11,11,11,2454.8181818,287.72181818,227.92636364
2017,22,60240,Removal of thyroid,N,F,15,15,15,3022.3333333,987.21866667,779.65466667
2017,23,60240,Removal of thyroid,N,F,13,13,13,3076,888.52076923,716.36615385
2017,24,60240,Removal of thyroid,N,F,18,18,18,1540,989.40333333,784.17333333
2017,25,60240,Removal of thyroid,N,F,12,12,12,1554.6666667,304.59666667,233.3
2017,26,60240,Removal of thyroid,N,F,11,11,11,6982,826.21181818,657.98181818
2017,27,60240,Removal of thyroid,N,F,25,25,25,6000,1065.0088,842.0368
2017,28,60240,Removal of thyroid,N,F,17,17,17,2880,887.21470588,706.88882353
2017,29,60240,Removal of thyroid,N,F,18,18,18,3527,884.55444444,696.66666667
2017,30,60240,Removal of thyroid,N,F,13,13,13,2707.3846154,869.37538462,686.07307692
2017,31,60240,Removal of thyroid,N,F,27,27,27,1910,780.17074074,624.08518519
2017,32,60240,Removal of thyroid,N,F,11,12,11,3130.4,762.46666667,607.495
2017,33,60240,Removal of thyroid,N,F,16,16,16,4060.1875,901.034375,695.70625
2017,34,60240,Removal of thyroid,N,F,11,11,11,2591.2727273,848.39,675.95181818
2017,35,60240,Removal of thyroid,N,F,18,18,18,3184.3333333,559.45888889,441.45166667
2017,36,60240,Removal of thyroid,N,F,13,13,13,2711,669.27,533.23846154
2017,37,60240,Removal of thyroid,N,O,14,14,14,1696.0285714,751.91214286,591.16357143
2017,38,60240,Removal of thyroid,N,F,17,17,17,4764.7058824,958.79647059,763.91647059
2017,39,60240,Removal of thyroid,N,F,11,11,11,3988,937.48,727.54818182
2017,40,60240,Removal of thyroid,N,F,12,12,12,2173,820.1325,653.44
2017,41,60240,Removal of thyroid,N,F,11,11,11,6982,786.86272727,626.93545455
2017,42,60240,Removal of thyroid,N,O,15,15,15,2527,856.54466667,682.448
2017,43,60240,Removal of thyroid,N,F,15,15,15,3999,886.15333333,706.044
2017,44,60240,Removal of thyroid,N,F,16,16,16,4500,117.47,93.5925
2017,45,60240,Removal of thyroid,N,F,13,13,13,2562,828.88,648.87
2017,46,60240,Removal of thyroid,N,F,19,19,19,2052.72,956.97263158,759.36421053
2017,47,60240,Removal of thyroid,N,F,11,11,11,2400,786.50636364,626.64727273
2017,48,60240,Removal of thyroid,N,F,13,13,13,1880,851.10692308,666.90230769
2017,49,60240,Removal of thyroid,N,F,12,12,12,2394.04,804.17,638.07
2017,50,60240,Removal of thyroid,N,F,17,17,17,352.94117647,115.54882353,92.060588235
2017,51,60240,Removal of thyroid,N,F,29,29,29,2108.5862069,899.42931034,706.94103448
2017,52,60240,Removal of thyroid,N,F,16,16,16,2845,937.273125,737.653125
2017,53,60240,Removal of thyroid,N,F,32,32,32,545.98,113.108125,86.908125
2017,54,60240,Removal of thyroid,N,F,13,13,13,2514.9346154,644.14230769,513.22
2017,55,60240,Removal of thyroid,N,F,11,11,11,4919,755.57909091,600.85090909
2017,56,60240,Removal of thyroid,N,F,11,11,11,3821,711.84727273,572.62363636
2017,57,60240,Removal of thyroid,N,F,11,11,11,3528.4090909,890.69727273,698.36454545
2017,58,60240,Removal of thyroid,N,F,24,24,24,3200,794.36,626.83083333
2017,59,60240,Removal of thyroid,N,F,20,20,20,2306,809.18,647.454
2017,60,60240,Removal of thyroid,N,F,15,15,15,2137,789.03533333,614.04933333
2017,61,60240,Removal of thyroid,N,F,20,20,20,2230,680.4935,534.8925
2017,62,60240,Removal of thyroid,N,F,12,12,12,2662,841.31166667,669.31666667
2017,63,60240,Removal of thyroid,N,F,11,11,11,5946,928.88727273,733.43
2017,64,60240,Removal of thyroid,N,F,11,11,11,4043,738.19,596.00636364
2017,65,60240,Removal of thyroid,N,F,13,13,13,2308,1050.29,836.82
2017,66,60240,Removal of thyroid,N,F,15,15,15,3041,1057.3113333,841.45266667
2017,67,60240,Removal of thyroid,N,F,11,11,11,3071,831.39909091,649.16363636
2017,68,60240,Removal of thyroid,N,F,17,17,17,2711,756.04,577.78705882
2017,69,60240,Removal of thyroid,N,F,11,11,11,2906.5909091,773.60454545,589.85727273
2017,70,60240,Removal of thyroid,N,F,23,23,23,2711,732.12956522,579.31086957
2017,71,60240,Removal of thyroid,N,F,13,13,13,2180,848.37923077,679.37307692
2017,72,60240,Removal of thyroid,N,F,11,11,11,2928,864.95363636,689.15363636
2017,73,60240,Removal of thyroid,N,F,12,12,12,3000,916.915,720.355
2017,74,60240,Removal of thyroid,N,F,11,11,11,3600,894.51,712.7
2017,75,60240,Removal of thyroid,N,F,14,14,14,2874,842.71857143,672.16785714
2017,76,60240,Removal of thyroid,N,F,27,27,27,2434.5,910.18296296,717.93259259
2017,77,60240,Removal of thyroid,N,F,20,20,20,3041,945.262,753.138
2017,78,60240,Removal of thyroid,N,F,11,11,11,321.2,120.58,96.07
2017,79,60240,Removal of thyroid,N,F,12,12,12,2100,813.18583333,639.07583333
2017,80,60240,Removal of thyroid,N,F,14,14,14,1067.7092857,883.19357143,698.86714286
2017,81,60240,Removal of thyroid,N,F,29,29,29,2500,847.27586207,672.27586207
2017,82,60240,Removal of thyroid,N,F,11,11,11,3500,819.94545455,653.29090909
2017,83,60240,Removal of thyroid,N,F,13,13,13,3965,873.96076923,696.32384615
2017,84,60240,Removal of thyroid,N,F,13,13,13,2062.9230769,623.58153846,494.29153846
2017,85,60240,Removal of thyroid,N,F,15,15,15,3050,880.258,691.626
2017,86,60240,Removal of thyroid,N,F,20,20,20,1200,844.241,672.3615
2017,87,60240,Removal of thyroid,N,F,14,14,14,2795,875.07928571,694.33357143
2017,88,60240,Removal of thyroid,N,F,15,15,15,4205,983.02,783.22
2017,89,60240,Removal of thyroid,N,F,13,13,13,974,130.14,103.69
2017,90,60240,Removal of thyroid,N,F,11,11,11,2000,914.86545455,728.92
2017,91,60240,Removal of thyroid,N,F,33,33,33,1400,896.17636364,698.14393939
2017,92,60240,Removal of thyroid,N,F,12,12,12,6136.875,866.39,690.295
2017,93,60240,Removal of thyroid,N,F,22,22,22,4252.7840909,962.79727273,757.86181818
2017,94,60240,Removal of thyroid,N,O,13,13,13,1263.5,115.87538462,92.326923077
2017,95,60240,Removal of thyroid,N,O,13,13,13,842.07692308,104.35384615,83.555384615
2017,96,60240,Removal of thyroid,N,F,14,14,14,4238,844.38285714,659.39285714
2017,97,60240,Removal of thyroid,N,F,15,15,15,1981.4833333,891.98133333,695.80933333
2017,98,60240,Removal of thyroid,N,F,11,11,11,3450,927.16363636,738.71727273
2017,99,60240,Removal of thyroid,N,F,13,13,13,1753,555.20461538,442.35538462
2017,100,60240,Removal of thyroid,N,F,24,24,24,1908,697.74958333,555.93125
2017,101,60240,Removal of thyroid,N,F,22,22,22,5339,889.71909091,708.88454545
2017,102,60240,Removal of thyroid,N,F,17,17,17,2861,835.64705882,673.25058824
2017,103,60240,Removal of thyroid,N,F,13,13,13,1874,869.82846154,688.11461538
2017,104,60240,Removal of thyroid,N,F,19,19,19,12255,1996.86,1590.99
2017,105,60240,Removal of thyroid,N,F,12,12,12,4974,1012.69,806.86
2017,106,60240,Removal of thyroid,N,F,19,19,19,2302.9078947,780.75578947,619.30842105
2017,107,60240,Removal of thyroid,N,F,15,15,15,2992.0666667,910.41,725.37
2016,0,60240,Removal of thyroid,N,F,19,19,19,2527,848.59578947,676.11789474
2016,1,60240,Removal of thyroid,N,F,31,31,31,618.2,134.16806452,107.23580645
2016,2,60240,Removal of thyroid,N,F,16,16,16,1736,442.355625,352.44375
2016,3,60240,Removal of thyroid,N,F,18,18,18,4892.0138889,815.86555556,642.69
2016,4,60240,Removal of thyroid,N,F,14,14,14,4000,941.18,749.88
2016,5,60240,Removal of thyroid,N,F,19,19,19,1935,914.64,728.74
2016,6,60240,Removal of thyroid,N,F,11,11,11,5339,829.02818182,660.52727273
2016,7,60240,Removal of thyroid,N,F,17,17,17,698.52941176,122.06176471,97.253529412
2016,8,60240,Removal of thyroid,N,F,33,33,33,2729.8181818,823.51515152,658.68848485
2016,9,60240,Removal of thyroid,N,F,13,13,13,2098.8346154,380.14,302.87461538
2016,10,60240,Removal of thyroid,N,F,17,17,17,3449,901.55823529,702.75823529
2016,11,60240,Removal of thyroid,N,F,20,20,20,2500,121.67,96.94
2016,12,60240,Removal of thyroid,N,F,23,23,23,1855,1735.2304348,1396.4913043
2016,13,60240,Removal of thyroid,N,F,11,11,11,6845,798.61,636.29090909
2016,14,60240,Removal of thyroid,N,F,31,31,31,2273.4516129,863.20516129,687.90645161
2016,15,60240,Removal of thyroid,N,F,11,11,11,2595,747.2,595.32727273
2016,16,60240,Removal of thyroid,N,F,43,43,43,7915,904.68953488,720.81348837
2016,17,60240,Removal of thyroid,N,F,14,14,14,3391.46,1000.98,797.53
2016,18,60240,Removal of thyroid,N,F,12,12,12,2092.75,796.82416667,634.865
2016,19,60240,Removal of thyroid,N,F,14,14,14,4447,1871.26,1490.92
2016,20,60240,Removal of thyroid,N,F,12,12,12,2642.5,584.92916667,462.2575
2016,21,60240,Removal of thyroid,N,F,11,11,11,2850,1868.4,1488.64
2016,22,60240,Removal of thyroid,N,F,28,28,28,1870.5,958.39607143,761.29464286
2016,23,60240,Removal of thyroid,N,F,13,13,13,6049,1023.1084615,804.98923077
2016,24,60240,Removal of thyroid,N,F,14,14,14,11600,868.185,691.72214286
2016,25,60240,Removal of thyroid,N,F,11,11,11,10000,946.71090909,742.26454545
2016,26,60240,Removal of thyroid,N,F,22,22,22,1911,107.04454545,85.477272727
2016,27,60240,Removal of thyroid,N,F,12,12,12,2347.3825,499.405,397.1475
2016,28,60240,Removal of thyroid,N,F,21,21,21,5194.7714286,774.14380952,616.78666667
2016,29,60240,Removal of thyroid,N,F,12,12,12,3851,853.39333333,657.9
2016,30,60240,Removal of thyroid,N,F,24,24,24,3212,774.52833333,619.05833333
2016,31,60240,Removal of thyroid,N,F,17,17,17,2614.7647059,824.71705882,649.31529412
2016,32,60240,Removal of thyroid,N,F,12,12,12,1800,834.60833333,659.1
2016,33,60240,Removal of thyroid,N,F,25,25,25,4300,947.3948,750.2956
2016,34,60240,Removal of thyroid,N,F,14,14,14,560.41428571,143.745,117.50357143
2016,35,60240,Removal of thyroid,N,F,15,15,15,2527,806.166,642.312
2016,36,60240,Removal of thyroid,N,F,11,11,11,3853,896.86,714.57
2016,37,60240,Removal of thyroid,N,F,12,12,12,2868,856.73,681.49666667
2016,38,60240,Removal of thyroid,N,F,13,13,13,3076,962.78153846,756.62307692
2016,39,60240,Removal of thyroid,N,F,13,13,13,1540,1021.41,813.81
2016,40,60240,Removal of thyroid,N,F,16,16,16,1238.875,176.731875,140.8125
2016,41,60240,Removal of thyroid,N,F,24,24,24,6000,1096.1316667,862.315
2016,42,60240,Removal of thyroid,N,F,14,14,14,2373.2214286,344.05285714,274.125
2016,43,60240,Removal of thyroid,N,F,16,16,16,2880,941.345625,741.745625
2016,44,60240,Removal of thyroid,N,F,24,24,24,3527,908.57041667,718.38708333
2016,45,60240,Removal of thyroid,N,F,27,27,27,1910,818.63888889,652.1462963
2016,46,60240,Removal of thyroid,N,F,11,11,11,2845.1818182,933.06,743.41
2016,47,60240,Removal of thyroid,N,F,16,16,16,1870,970.01,772.85
2016,48,60240,Removal of thyroid,N,F,11,11,11,4890,1011.16,805.64
2016,49,60240,Removal of thyroid,N,F,14,14,14,1792.2,849.55571429,676.88071429
2016,50,60240,Removal of thyroid,N,F,12,12,12,2400,771.81666667,612.4
2016,51,60240,Removal of thyroid,N,F,21,21,21,3964.3809524,736.29761905,574.3647619
2016,52,60240,Removal of thyroid,N,F,12,12,12,2466.1666667,845.21083333,673.4225
2016,53,60240,Removal of thyroid,N,F,14,14,14,960,108.32142857,86.303571429
2016,54,60240,Removal of thyroid,N,F,28,28,28,3113.0785714,840.51785714,669.68392857
2016,55,60240,Removal of thyroid,N,F,12,12,12,1828.2,684.82416667,538.4725
2016,56,60240,Removal of thyroid,N,O,16,16,16,1828.2,729.725625,581.41125
2016,57,60240,Removal of thyroid,N,F,12,12,12,1499,114.43333333,88.663333333
2016,58,60240,Removal of thyroid,N,F,11,11,11,5800,1152.34,918.12
2016,59,60240,Removal of thyroid,N,F,33,33,33,4609.0909091,950.03393939,752.93272727
2016,60,60240,Removal of thyroid,N,F,14,14,14,2730,803.91928571,635.55857143
2016,61,60240,Removal of thyroid,N,F,13,13,13,2092,738.74769231,588.59769231
2016,62,60240,Removal of thyroid,N,F,13,13,13,5339,911.93,726.58
2016,63,60240,Removal of thyroid,N,F,25,25,25,2173,771.12,614.386
2016,64,60240,Removal of thyroid,N,F,12,12,12,6589.0833333,846.91666667,663.7575
2016,65,60240,Removal of thyroid,N,F,15,15,15,2694,690.666,550.28533333
2016,66,60240,Removal of thyroid,N,F,18,18,18,3969.7222222,925.00888889,741.53166667
2016,67,60240,Removal of thyroid,N,F,14,14,14,2527,821.43357143,652.25714286
2016,68,60240,Removal of thyroid,N,F,12,12,12,3969.75,913.94,728.18
2016,69,60240,Removal of thyroid,N,F,11,11,11,1605.28,770.88636364,614.20090909
2016,70,60240,Removal of thyroid,N,F,27,27,27,4500,133.21666667,106.13777778
2016,71,60240,Removal of thyroid,N,F,12,12,12,2562,839.89083333,658.16416667
2016,72,60240,Removal of thyroid,N,F,16,16,16,2052.72,958.68125,747.29125
2016,73,60240,Removal of thyroid,N,F,15,15,15,1900,822.85933333,645.93066667
2016,74,60240,Removal of thyroid,N,F,11,11,11,978,137.96,109.92
2016,75,60240,Removal of thyroid,N,F,15,15,15,1760,670.23,537.93933333
2016,76,60240,Removal of thyroid,N,F,15,15,15,2608.9626667,772.68733333,613.674
2016,77,60240,Removal of thyroid,N,F,17,17,17,411,115.74764706,80.884117647
2016,78,60240,Removal of thyroid,N,F,11,11,11,3080.9545455,771.62090909,618.22090909
2016,79,60240,Removal of thyroid,N,F,27,27,27,2106,907.66333333,719.81555556
2016,80,60240,Removal of thyroid,N,F,13,13,13,2500,882.06769231,701.34615385
2016,81,60240,Removal of thyroid,N,F,25,25,25,2845.12,895.816,709.8392
2016,82,60240,Removal of thyroid,N,F,11,11,11,3069,838.69,668.22
2016,83,60240,Removal of thyroid,N,F,33,33,33,545.96363636,112.05181818,89.633636364
2016,84,60240,Removal of thyroid,N,F,14,14,14,4012.7314286,966.31928571,769.90928571
2016,85,60240,Removal of thyroid,N,F,17,17,17,3821,712.79823529,570.26352941
2016,86,60240,Removal of thyroid,N,F,13,13,13,3597.6923077,869.58230769,692.83769231
2016,87,60240,Removal of thyroid,N,F,12,12,12,11600,127.35,101.47
2016,88,60240,Removal of thyroid,N,F,21,21,21,3200,828.31428571,659.95571429
2016,89,60240,Removal of thyroid,N,F,26,26,26,2306,818.26884615,640.40230769
2016,90,60240,Removal of thyroid,N,F,12,12,12,2137,848.67166667,665.155
2016,91,60240,Removal of thyroid,N,F,13,13,13,5000,897.11384615,714.77692308
2016,92,60240,Removal of thyroid,N,F,12,12,12,3300,741.50333333,590.79333333
2016,93,60240,Removal of thyroid,N,F,16,16,16,2944,723.090625,567.853125
2016,94,60240,Removal of thyroid,N,F,12,12,12,2721,838.91166667,657.375
2016,95,60240,Removal of thyroid,N,F,16,16,16,2220,767.785625,603.465625
2016,96,60240,Removal of thyroid,N,F,13,13,13,2648,776.05538462,618.32076923
2016,97,60240,Removal of thyroid,N,F,19,19,19,4043,727.79315789,574.61631579
2016,98,60240,Removal of thyroid,N,F,13,13,13,2097.5,130.33,103.84
2016,99,60240,Removal of thyroid,N,F,12,12,12,2893.05,807.75083333,643.56916667
2016,100,60240,Removal of thyroid,N,F,20,20,20,2308,986.665,782.875
2016,101,60240,Removal of thyroid,N,F,12,12,12,2995,868.33916667,691.85166667
2016,102,60240,Removal of thyroid,N,F,23,23,23,2982.4,782.29565217,623.29
2016,103,60240,Removal of thyroid,N,F,18,18,18,3041,1024.2888889,813.17888889
2016,104,60240,Removal of thyroid,N,F,12,12,12,3071,881.105,697.81
2016,105,60240,Removal of thyroid,N,F,15,15,15,2768,893.69266667,712.04866667
2016,106,60240,Removal of thyroid,N,F,15,15,15,2711,735.32466667,585.86666667
2016,107,60240,Removal of thyroid,N,F,11,11,11,4713.6936364,818.18636364,637.69363636
2016,108,60240,Removal of thyroid,N,F,14,14,14,4222.5,1040.4885714,810.11714286
2016,109,60240,Removal of thyroid,N,F,11,11,11,3045,873.00454545,682.85545455
2016,110,60240,Removal of thyroid,N,F,30,30,30,2711,725.575,578.99133333
2016,111,60240,Removal of thyroid,N,F,23,23,23,2180,833.38782609,664.38217391
2016,112,60240,Removal of thyroid,N,F,13,13,13,7915,859.93923077,685.15846154
2016,113,60240,Removal of thyroid,N,F,23,23,23,2928,904.94782609,717.34956522
2016,114,60240,Removal of thyroid,N,F,13,13,13,2675,1733.2415385,1380.7015385
2016,115,60240,Removal of thyroid,N,F,16,16,16,2550.375,859.403125,684.41875
2016,116,60240,Removal of thyroid,N,F,20,20,20,3600,906.2445,720.834
2016,117,60240,Removal of thyroid,N,F,17,17,17,2479.9058824,591.48882353,470.24470588
2016,118,60240,Removal of thyroid,N,F,20,20,20,2945.9,859.3075,670.221
2016,119,60240,Removal of thyroid,N,F,13,13,13,6153.3846154,736.34615385,584.25692308
2016,120,60240,Removal of thyroid,N,F,12,12,12,2434.5,847.80833333,675.68916667
2016,121,60240,Removal of thyroid,N,F,19,19,19,3041,1020.6415789,788.86052632
2016,122,60240,Removal of thyroid,N,F,19,19,19,2654.1263158,109.50315789,87.250526316
2016,123,60240,Removal of thyroid,N,F,16,16,16,1335.79125,881.979375,702.7125
2016,124,60240,Removal of thyroid,N,F,12,12,12,2833.6666667,512.42666667,413.31166667
2016,125,60240,Removal of thyroid,N,F,29,29,29,2500,831.49310345,657.93103448
2016,126,60240,Removal of thyroid,N,F,12,12,12,3965,902.55833333,719.11416667
2016,127,60240,Removal of thyroid,N,F,24,24,24,2283.4166667,754.4675,605.46041667
2016,128,60240,Removal of thyroid,N,F,17,17,17,3065,713.13235294,569.99058824
2016,129,60240,Removal of thyroid,N,F,23,23,23,1533.0434783,856.40304348,670.92608696
2016,130,60240,Removal of thyroid,N,F,12,12,12,2795,924.72,736.77
2016,131,60240,Removal of thyroid,N,F,13,13,13,3938.4615385,919.06769231,732.26923077
2016,132,60240,Removal of thyroid,N,F,11,11,11,2185,719.62363636,576.23636364
2016,133,60240,Removal of thyroid,N,F,17,17,17,3292,881.02,701.95
2016,134,60240,Removal of thyroid,N,F,14,14,14,4043,831.465,662.46428571
2016,135,60240,Removal of thyroid,N,F,17,17,17,974,126.49705882,100.78588235
2016,136,60240,Removal of thyroid,N,F,13,13,13,2000,925.11307692,729.04307692
2016,137,60240,Removal of thyroid,N,F,35,35,35,1400,920.57142857,724.44685714
2016,138,60240,Removal of thyroid,N,F,11,11,11,2816.4290909,780.02272727,621.48090909
2016,139,60240,Removal of thyroid,N,F,11,11,11,2244.5454545,769.36454545,612.98727273
2016,140,60240,Removal of thyroid,N,F,13,13,13,3879.2307692,955.94230769,756.02923077
2016,141,60240,Removal of thyroid,N,F,17,17,17,1550,893.69,712.05
2016,142,60240,Removal of thyroid,N,F,14,14,14,1958.81,850.72571429,681.45642857
2016,143,60240,Removal of thyroid,N,F,11,11,11,3000,904.68636364,719.33272727
2016,144,60240,Removal of thyroid,N,F,13,13,13,1263.5,117.13461538,93.326923077
2016,145,60240,Removal of thyroid,N,F,11,11,11,891.36363636,98.198181818,78.240909091
2016,146,60240,Removal of thyroid,N,O,15,15,15,968.74666667,100.01666667,79.69
2016,147,60240,Removal of thyroid,N,F,15,15,15,3807,925.91,737.72
2016,148,60240,Removal of thyroid,N,F,12,12,12,3413,870.845,681.98583333
2016,149,60240,Removal of thyroid,N,F,12,12,12,5339,721.94666667,575.20916667
2016,150,60240,Removal of thyroid,N,F,14,14,14,2801.3571429,881.29214286,723.52428571
2016,151,60240,Removal of thyroid,N,F,11,11,11,2669,881.17272727,704.09090909
2016,152,60240,Removal of thyroid,N,F,11,11,11,4769.1818182,723.57818182,574.69909091
2016,153,60240,Removal of thyroid,N,F,23,23,23,2975,748.13347826,599.73347826
2016,154,60240,Removal of thyroid,N,F,12,12,12,3224,876.06916667,687.54833333
2016,155,60240,Removal of thyroid,N,F,21,21,21,3069,798.75238095,636.4
2016,156,60240,Removal of thyroid,N,F,21,21,21,2861,876.82619048,698.60857143
2016,157,60240,Removal of thyroid,N,F,12,12,12,2166,497.17833333,396.07333333
2016,158,60240,Removal of thyroid,N,F,22,22,22,1874,872.75,695.36
2016,159,60240,Removal of thyroid,N,F,20,20,20,11518.95,1963.68,1564.56
2016,160,60240,Removal of thyroid,N,F,13,13,13,3972.0769231,812.61076923,643.05153846
2016,161,J1442,"Injection, filgrastim (g-csf), excludes biosimilars, 1 microgram",Y,O,25,60240,142,2,0.9899785857,0.7869161687
2016,162,60240,Removal of thyroid,N,F,12,12,12,1991,887.83833333,707.38416667
2016,163,60240,Removal of thyroid,N,F,16,16,16,6214.25,1828.22,1456.63
2016,164,60240,Removal of thyroid,N,F,12,12,12,4974,1023.5258333,802.27333333
2016,165,60240,Removal of thyroid,N,F,24,24,24,2273,837.21458333,661.53875
2016,166,60240,Removal of thyroid,N,F,13,13,13,2917.6153846,807.37461538,643.27846154
2015,0,60240,Removal of thyroid,N,F,11,11,11,2527,773.37,616.18090909
2015,1,60240,Removal of thyroid,N,F,32,32,32,606,136.74125,108.946875
2015,2,60240,Removal of thyroid,N,F,13,13,13,2428,843.09846154,671.73615385
2015,3,60240,Removal of thyroid,N,F,40,40,40,4975.78125,832.233,663.70475
2015,4,60240,Removal of thyroid,N,F,13,13,13,1935,913.16538462,727.56461538
2015,5,60240,Removal of thyroid,N,F,11,11,11,3508.2727273,908.28636364,723.67363636
2015,6,60240,Removal of thyroid,N,F,20,20,20,2736.58,799.86,641.3395
2015,7,60240,Removal of thyroid,N,F,11,12,11,1697.5,652.68083333,520.02166667
2015,8,60240,Removal of thyroid,N,F,13,13,13,3449,975.79692308,767.67153846
2015,9,60240,Removal of thyroid,N,F,12,12,12,988.99,920.8875,731.7225
2015,10,60240,Removal of thyroid,N,F,14,14,14,1855,1760.1314286,1402.3007143
2015,11,60240,Removal of thyroid,N,F,23,23,23,2039.5217391,756.8626087,604.6326087
2015,12,60240,Removal of thyroid,N,F,32,32,32,6548.59375,974.253125,769.2459375
2015,13,60240,Removal of thyroid,N,F,11,11,11,767,129.72727273,104.71818182
2015,14,60240,Removal of thyroid,N,F,15,15,15,3391.46,938.152,743.69466667
2015,15,60240,Removal of thyroid,N,F,11,11,11,2998,800.04636364,631.61909091
2015,16,60240,Removal of thyroid,N,F,11,11,11,4447,1992.1772727,1580.8772727
2015,17,60240,Removal of thyroid,N,F,13,13,13,2636,766.66384615,609.14769231
2015,18,60240,Removal of thyroid,N,F,21,21,21,1806,956.22619048,756.29047619
2015,19,60240,Removal of thyroid,N,F,12,12,12,4250,886.76,704.99916667
2015,20,60240,Removal of thyroid,N,F,14,14,14,10550,867.04857143,690.82142857
2015,21,60240,Removal of thyroid,N,F,11,11,11,2500,861.50636364,686.40272727
2015,22,60240,Removal of thyroid,N,F,23,23,23,1911,118.24086957,94.206086957
2015,23,60240,Removal of thyroid,N,F,12,12,12,2084.7066667,585.36916667,469.80833333
2015,24,60240,Removal of thyroid,N,F,30,30,30,5371.47,833.04133333,659.819
2015,25,60240,Removal of thyroid,N,F,28,28,28,2974.7857143,868.30428571,691.58821429
2015,26,60240,Removal of thyroid,N,F,15,15,15,6000,2061.8346667,1636.052
2015,27,J3262,"Injection, tocilizumab, 1 mg",Y,O,12,60240,104,10,3.5475325365,2.8253544157
2015,28,60240,Removal of thyroid,N,F,20,20,20,1767.5,78.717,59.688
2015,29,60240,Removal of thyroid,N,F,21,21,21,2694,790.65142857,624.37190476
2015,30,60240,Removal of thyroid,N,F,26,26,26,4300,905.53730769,715.88846154
2015,31,60240,Removal of thyroid,N,F,16,16,16,2527,865.898125,689.90375
2015,32,60240,Removal of thyroid,N,F,11,11,11,1220.2909091,114.20636364,90.996363636
2015,33,60240,Removal of thyroid,N,F,13,13,13,3459.86,919.36615385,732.50230769
2015,34,60240,Removal of thyroid,N,F,18,18,18,1540,1019.16,812.015
2015,35,60240,Removal of thyroid,N,F,15,15,15,1399.2,281.07133333,223.942
2015,36,60240,Removal of thyroid,N,F,20,20,20,6240,499.197,391.8795
2015,37,60240,Removal of thyroid,N,F,17,17,17,4071.6176471,909.49823529,724.63764706
2015,38,60240,Removal of thyroid,N,F,15,15,15,3772,829.56666667,660.95733333
2015,39,60240,Removal of thyroid,N,F,23,23,23,5956.5217391,1006.8917391,797.14956522
2015,40,60240,Removal of thyroid,N,F,17,17,17,2880,902.53352941,707.77117647
2015,41,60240,Removal of thyroid,N,F,13,13,13,3463.6153846,906.32230769,722.10846154
2015,42,60240,Removal of thyroid,N,F,12,12,12,608.33333333,189.9675,151.355
2015,43,60240,Removal of thyroid,N,F,16,16,16,1910,788.575,628.29625
2015,44,60240,Removal of thyroid,N,F,18,18,18,1922.2222222,912.39111111,726.94444444
2015,45,60240,Removal of thyroid,N,F,11,11,11,3612,850.73272727,677.81727273
2015,46,60240,Removal of thyroid,N,F,12,12,12,2000,457.99416667,365.82583333
2015,47,60240,Removal of thyroid,N,F,11,11,11,2513.8181818,782.13363636,623.16454545
2015,48,60240,Removal of thyroid,N,F,11,11,11,2400,853.41909091,679.96181818
2015,49,60240,Removal of thyroid,N,F,13,13,13,2252,893.80615385,703.13
2015,50,60240,Removal of thyroid,N,F,11,11,11,2719.9090909,730.67727273,582.16636364
2015,51,60240,Removal of thyroid,N,F,12,12,12,6864.0833333,751.625,591.89166667
2015,52,60240,Removal of thyroid,N,F,18,18,18,1097.8333333,912.42555556,720.46722222
2015,53,60240,Removal of thyroid,N,F,22,22,22,3030,834.93454545,665.23136364
2015,54,60240,Removal of thyroid,N,F,26,26,26,1828.2,834.61923077,664.97961538
2015,55,60240,Removal of thyroid,N,F,11,11,11,2046.5818182,664.17545455,529.17909091
2015,56,60240,Removal of thyroid,N,F,16,16,16,4432.25,884.600625,704.804375
2015,57,60240,Removal of thyroid,N,F,18,18,18,4700,894.68555556,712.83777778
2015,58,60240,Removal of thyroid,N,F,15,15,15,5339,819.424,653.136
2015,59,60240,Removal of thyroid,N,F,17,17,17,2173,782.62823529,617.05882353
2015,60,60240,Removal of thyroid,N,F,18,18,18,2694,744.34722222,598.10555556
2015,61,60240,Removal of thyroid,N,F,11,11,11,3820,923.20727273,747.02181818
2015,62,60240,Removal of thyroid,N,F,17,17,17,2527,753.96117647,600.71647059
2015,63,60240,Removal of thyroid,N,F,16,16,16,1555.51,800.8575,638.081875
2015,64,60240,Removal of thyroid,N,F,11,11,11,7276,941.47727273,750.12
2015,65,60240,Removal of thyroid,N,F,11,11,11,3807,923.71454545,732.08636364
2015,66,60240,Removal of thyroid,N,F,13,13,13,2100,805.88,642.08461538
2015,67,60240,Removal of thyroid,N,F,19,19,19,2052.72,897.17210526,702.48789474
2015,68,60240,Removal of thyroid,N,F,12,12,12,2350,846.65666667,674.57333333
2015,69,60240,Removal of thyroid,N,F,19,19,19,2073.6842105,852.33947368,660.87105263
2015,70,60240,Removal of thyroid,N,F,13,13,13,2400.7692308,791.17769231,630.36923077
2015,71,60240,Removal of thyroid,N,F,21,21,21,1800,776.32761905,618.53619048
2015,72,60240,Removal of thyroid,N,F,12,12,12,2182,922.25333333,734.80333333
2015,73,60240,Removal of thyroid,N,F,14,14,14,2966.4421429,921.82785714,725.95857143
2015,74,60240,Removal of thyroid,N,F,15,15,15,1825.6,825.068,667.794
2015,75,60240,Removal of thyroid,N,F,11,11,11,2500,803.94272727,642.86909091
2015,76,60240,Removal of thyroid,N,F,12,12,12,2168,765.26833333,622.17666667
2015,77,60240,Removal of thyroid,N,F,11,11,11,2130.5454545,924.49272727,715.29454545
2015,78,60240,Removal of thyroid,N,F,12,12,12,2801.3333333,885.14833333,702.41833333
2015,79,60240,Removal of thyroid,N,F,11,11,11,1884,782.86818182,613.1
2015,80,60240,Removal of thyroid,N,F,20,20,20,547.316,108.9595,82.465
2015,81,60240,Removal of thyroid,N,F,12,12,12,1800,655.2725,522.08833333
2015,82,60240,Removal of thyroid,N,F,12,12,12,2129,886.375,706.21666667
2015,83,60240,Removal of thyroid,N,F,26,26,26,3747.5384615,847.78653846,675.47076923
2015,84,60240,Removal of thyroid,N,F,13,13,13,10550,117.24,93.411538462
2015,85,60240,Removal of thyroid,N,F,11,11,11,960,119.26818182,95.023636364
2015,86,60240,Removal of thyroid,N,F,14,14,14,3200,889.72357143,700.51642857
2015,87,60240,Removal of thyroid,N,F,15,15,15,2306,831.96266667,665.668
2015,88,60240,Removal of thyroid,N,F,17,17,17,2137,778.43823529,626.53117647
2015,89,60240,Removal of thyroid,N,F,11,11,11,5000,970.75818182,773.45272727
2015,90,60240,Removal of thyroid,N,F,16,16,16,2721,779.823125,623.908125
2015,91,60240,Removal of thyroid,N,F,20,20,20,2774,810.103,645.45
2015,92,60240,Removal of thyroid,N,F,18,18,18,5902.4444444,855.665,681.74722222
2015,93,60240,Removal of thyroid,N,F,25,25,25,4043,723.4396,571.7144
2015,94,60240,Removal of thyroid,N,F,18,18,18,2096.9444444,124.555,99.592222222
2015,95,60240,Removal of thyroid,N,F,11,11,11,3306.0909091,862.17636364,686.93818182
2015,96,60240,Removal of thyroid,N,F,17,17,17,2308,1021.9641176,807.35647059
2015,97,60240,Removal of thyroid,N,F,21,21,21,3041,1028.2652381,819.26761905
2015,98,60240,Removal of thyroid,N,F,13,13,13,3071,818.70538462,647.11461538
2015,99,60240,Removal of thyroid,N,F,18,18,18,2711,782.335,629.325
2015,100,60240,Removal of thyroid,N,F,11,11,11,3045,863.14818182,687.71454545
2015,101,60240,Removal of thyroid,N,F,28,28,28,2711,786.81857143,626.89714286
2015,102,60240,Removal of thyroid,N,F,11,11,11,1879,781.83,622.92181818
2015,103,60240,Removal of thyroid,N,F,21,21,21,2161.9047619,828.68,660.24666667
2015,104,60240,Removal of thyroid,N,F,13,13,13,2600,854.33615385,680.68923077
2015,105,60240,Removal of thyroid,N,F,21,21,21,2918,871.54809524,688.84904762
2015,106,60240,Removal of thyroid,N,F,11,11,11,3677.6727273,889.49818182,708.70272727
2015,107,60240,Removal of thyroid,N,F,11,11,11,2868,956.01818182,751.05454545
2015,108,60240,Removal of thyroid,N,F,11,11,11,2675,2170.28,1729.17
2015,109,60240,Removal of thyroid,N,F,11,11,11,1725,114.07,90.885454545
2015,110,60240,Removal of thyroid,N,F,19,19,19,1587.1710526,231.55947368,184.49368421
2015,111,60240,Removal of thyroid,N,F,14,14,14,2527.2857143,823.15428571,655.84714286
2015,112,60240,Removal of thyroid,N,F,11,11,11,3600,924.06545455,736.24909091
2015,113,60240,Removal of thyroid,N,F,21,21,21,2874,828.14,652.23047619
2015,114,60240,Removal of thyroid,N,F,11,11,11,2921,933.76545455,730.09727273
2015,115,60240,Removal of thyroid,N,F,22,22,22,3041,981.56045455,780.35863636
2015,116,60240,Removal of thyroid,N,F,23,23,23,1718.1304348,116.75956522,93.433043478
2015,117,60240,Removal of thyroid,N,F,15,15,15,2100,849.014,676.45133333
2015,118,60240,Removal of thyroid,N,F,11,11,11,4250,924.99,736.98727273
2015,119,60240,Removal of thyroid,N,F,15,15,15,1365.396,827.058,658.958
2015,120,60240,Removal of thyroid,N,F,28,28,28,2500,791.13464286,624.69678571
2015,121,60240,Removal of thyroid,N,F,14,14,14,3000,876.63,698.455
2015,122,60240,Removal of thyroid,N,F,15,15,15,5733.3333333,175.38,139.73
2015,123,60240,Removal of thyroid,N,F,12,12,12,4200,967.4425,761.04583333
2015,124,60240,Removal of thyroid,N,F,18,18,18,3248.6111111,741.43333333,590.73666667
2015,125,60240,Removal of thyroid,N,F,21,21,21,3984.047619,900.0252381,711.5152381
2015,126,60240,Removal of thyroid,N,F,14,14,14,2248.7142857,788.51357143,628.24928571
2015,127,60240,Removal of thyroid,N,F,15,15,15,3045,818.898,652.45666667
2015,128,60240,Removal of thyroid,N,F,19,19,19,2142.1052632,111.98052632,89.218947368
2015,129,60240,Removal of thyroid,N,F,17,17,17,2732,874.67764706,696.89941176
2015,130,60240,Removal of thyroid,N,F,15,15,15,2795,854.964,684.65466667
2015,131,60240,Removal of thyroid,N,F,17,17,17,3876.1764706,953.86352941,759.58294118
2015,132,60240,Removal of thyroid,N,F,13,13,13,2462.9230769,756.08923077,602.41307692
2015,133,60240,Removal of thyroid,N,F,11,11,11,1954.8672727,253.29636364,202.40727273
2015,134,60240,Removal of thyroid,N,F,18,18,18,2000,960.38833333,762.55166667
2015,135,60240,Removal of thyroid,N,F,19,19,19,1457.5052632,891.77105263,714.04157895
2015,136,60240,Removal of thyroid,N,F,20,20,20,3000.9,810.1825,645.5115
2015,137,60240,Removal of thyroid,N,F,12,12,12,2096,886.13916667,712.78
2015,138,60240,Removal of thyroid,N,F,12,12,12,3899.5833333,953.59916667,759.77916667
2015,139,60240,Removal of thyroid,N,F,11,11,11,9307.6818182,921.51818182,734.22
2015,140,60240,Removal of thyroid,N,F,15,15,15,2105.8333333,101.23266667,80.654666667
2015,141,60240,Removal of thyroid,N,F,22,22,22,911.52272727,112.69681818,89.791363636
2015,142,60240,Removal of thyroid,N,F,11,11,11,3677.6727273,817.86727273,651.63272727
2015,143,60240,Removal of thyroid,N,F,16,16,16,5000,852.321875,675.169375
2015,144,60240,Removal of thyroid,N,F,18,18,18,3807,864.02277778,685.67666667
2015,145,60240,Removal of thyroid,N,F,14,14,14,3413,906.04214286,713.51928571
2015,146,60240,Removal of thyroid,N,F,12,12,12,1818.5,912.61,727.1225
2015,147,60240,Removal of thyroid,N,F,16,16,16,2134.125,841.94375,677.8475
2015,148,60240,Removal of thyroid,N,F,12,12,12,3450,854.105,680.50833333
2015,149,60240,Removal of thyroid,N,F,12,12,12,3824,785.07166667,628.8725
2015,150,60240,Removal of thyroid,N,F,15,15,15,5621.2,690.70333333,550.31466667
2015,151,60240,Removal of thyroid,N,F,11,11,11,4750,1092.9181818,870.78181818
2015,152,60240,Removal of thyroid,N,F,11,11,11,2975,839.76909091,665.64545455
2015,153,60240,Removal of thyroid,N,F,11,11,11,3224,913.74272727,728.02181818
2015,154,60240,Removal of thyroid,N,F,11,11,11,2767,831.50090909,662.49727273
2015,155,60240,Removal of thyroid,N,F,19,19,19,3069,823.12052632,657.57
2015,156,60240,Removal of thyroid,N,F,12,12,12,2983,954.80083333,760.2125
2015,157,60240,Removal of thyroid,N,F,21,21,21,2861,759.51666667,601.32761905
2015,158,60240,Removal of thyroid,N,F,23,23,23,1874,836.64217391,665.92434783
2015,159,60240,Removal of thyroid,N,F,18,18,18,10605.555556,2132.4,1714.9605556
2015,160,60240,Removal of thyroid,N,F,13,13,13,3906,788.01076923,627.84461538
2015,161,60240,Removal of thyroid,N,F,12,12,12,3443,2023.3891667,1609.1475
2015,162,60240,Removal of thyroid,N,F,13,13,13,3142,939.82615385,739.79846154
2015,163,60240,Removal of thyroid,N,F,15,15,15,2856,838.11933333,659.96
2015,164,60240,Removal of thyroid,N,F,13,13,13,4974,1021.3253846,813.74076923
2015,165,60240,Removal of thyroid,N,F,12,12,12,2500,961.99416667,766.34166667
2015,166,60240,Removal of thyroid,N,F,11,11,11,9500.1227273,2213.83,1763.86
2015,167,60240,Removal of thyroid,N,F,12,12,12,2890.5,783.83,624.51666667
